INSERT INTO Clientes (Cadastro, Nome, DataNasc, Telefone, Cidade, Sexo) VALUES (1, 'Rodrigo Santos', '2002-05-18', '(53) 92035-3924', 'São Gonçalo', 'F');
INSERT INTO Clientes (Cadastro, Nome, DataNasc, Telefone, Cidade, Sexo) VALUES (2, 'Fernanda Figueiredo', '1949-11-30', '(93) 94122-9624', 'São Luís', 'F');
INSERT INTO Clientes (Cadastro, Nome, DataNasc, Telefone, Cidade, Sexo) VALUES (3, 'Eduardo Ribeiro', '1981-06-15', '(72) 93829-5714', 'Campinas', 'M');
INSERT INTO Clientes (Cadastro, Nome, DataNasc, Telefone, Cidade, Sexo) VALUES (4, 'Beatriz Almeida', '1963-06-19', '(82) 98579-2268', 'Manaus', 'F');
INSERT INTO Clientes (Cadastro, Nome, DataNasc, Telefone, Cidade, Sexo) VALUES (5, 'Simone Moura', '1960-08-24', '(92) 93712-7189', 'Porto Alegre', 'M');
INSERT INTO Clientes (Cadastro, Nome, DataNasc, Telefone, Cidade, Sexo) VALUES (6, 'Ana Gomes', '1940-01-18', '(43) 90636-9765', 'Recife', 'M');
INSERT INTO Clientes (Cadastro, Nome, DataNasc, Telefone, Cidade, Sexo) VALUES (7, 'Letícia Martins', '1995-10-31', '(87) 94286-3867', 'Belém', 'F');
INSERT INTO Clientes (Cadastro, Nome, DataNasc, Telefone, Cidade, Sexo) VALUES (8, 'Rafael Pereira', '1974-08-28', '(50) 99509-8008', 'Campinas', 'M');
INSERT INTO Clientes (Cadastro, Nome, DataNasc, Telefone, Cidade, Sexo) VALUES (9, 'Renata Araujo', '1977-01-03', '(75) 98888-9339', 'Recife', 'F');
INSERT INTO Clientes (Cadastro, Nome, DataNasc, Telefone, Cidade, Sexo) VALUES (10, 'Renata Costa', '1984-09-19', '(40) 95512-3178', 'São Gonçalo', 'M');
INSERT INTO Clientes (Cadastro, Nome, DataNasc, Telefone, Cidade, Sexo) VALUES (11, 'Eduardo Castro', '1985-07-19', '(12) 98681-5061', 'Maceió', 'M');
INSERT INTO Clientes (Cadastro, Nome, DataNasc, Telefone, Cidade, Sexo) VALUES (12, 'Ricardo Barros', '2001-11-01', '(24) 91974-9473', 'Guarulhos', 'M');
INSERT INTO Clientes (Cadastro, Nome, DataNasc, Telefone, Cidade, Sexo) VALUES (13, 'Letícia Vieira', '1980-04-25', '(52) 94544-1753', 'Campo Grande', 'F');
INSERT INTO Clientes (Cadastro, Nome, DataNasc, Telefone, Cidade, Sexo) VALUES (14, 'João Cavalcanti', '1945-04-15', '(60) 97141-3097', 'Recife', 'F');
INSERT INTO Clientes (Cadastro, Nome, DataNasc, Telefone, Cidade, Sexo) VALUES (15, 'Camila Pinto', '1969-12-12', '(25) 99664-3295', 'Belo Horizonte', 'F');
INSERT INTO Clientes (Cadastro, Nome, DataNasc, Telefone, Cidade, Sexo) VALUES (16, 'Fernanda Nascimento', '1943-06-06', '(96) 99925-4607', 'São Luís', 'F');
INSERT INTO Clientes (Cadastro, Nome, DataNasc, Telefone, Cidade, Sexo) VALUES (17, 'Ricardo Figueiredo', '1969-12-04', '(84) 93850-2611', 'Goiânia', 'M');
INSERT INTO Clientes (Cadastro, Nome, DataNasc, Telefone, Cidade, Sexo) VALUES (18, 'Simone Vieira', '1991-11-02', '(35) 98380-3603', 'Porto Alegre', 'F');
INSERT INTO Clientes (Cadastro, Nome, DataNasc, Telefone, Cidade, Sexo) VALUES (19, 'Eduardo Santos', '1968-02-05', '(79) 92844-2113', 'Campinas', 'M');
INSERT INTO Clientes (Cadastro, Nome, DataNasc, Telefone, Cidade, Sexo) VALUES (20, 'Patrícia Duarte', '1998-01-28', '(68) 92291-3933', 'Curitiba', 'F');
INSERT INTO Clientes (Cadastro, Nome, DataNasc, Telefone, Cidade, Sexo) VALUES (21, 'Renata Gomes', '1979-02-15', '(73) 93453-1656', 'Recife', 'M');
INSERT INTO Clientes (Cadastro, Nome, DataNasc, Telefone, Cidade, Sexo) VALUES (22, 'Gabriela Mendes', '1941-07-04', '(57) 98940-2979', 'São Paulo', 'M');
INSERT INTO Clientes (Cadastro, Nome, DataNasc, Telefone, Cidade, Sexo) VALUES (23, 'Luiz Ribeiro', '1941-11-24', '(91) 90419-7112', 'São Luís', 'F');
INSERT INTO Clientes (Cadastro, Nome, DataNasc, Telefone, Cidade, Sexo) VALUES (24, 'Carlos Medeiros', '1953-01-28', '(72) 95394-1024', 'Curitiba', 'M');
INSERT INTO Clientes (Cadastro, Nome, DataNasc, Telefone, Cidade, Sexo) VALUES (25, 'Gustavo Araujo', '1951-05-28', '(55) 99118-8777', 'Guarulhos', 'F');
INSERT INTO Clientes (Cadastro, Nome, DataNasc, Telefone, Cidade, Sexo) VALUES (26, 'Thiago Gomes', '1979-01-18', '(19) 91095-7076', 'Campinas', 'M');
INSERT INTO Clientes (Cadastro, Nome, DataNasc, Telefone, Cidade, Sexo) VALUES (27, 'André Barbosa', '2001-09-05', '(81) 96129-9656', 'São Gonçalo', 'M');
INSERT INTO Clientes (Cadastro, Nome, DataNasc, Telefone, Cidade, Sexo) VALUES (28, 'João Rodrigues', '2004-12-22', '(81) 98363-5874', 'Duque de Caxias', 'M');
INSERT INTO Clientes (Cadastro, Nome, DataNasc, Telefone, Cidade, Sexo) VALUES (29, 'Pedro Medeiros', '1991-08-18', '(14) 99849-1209', 'Natal', 'F');
INSERT INTO Clientes (Cadastro, Nome, DataNasc, Telefone, Cidade, Sexo) VALUES (30, 'Larissa Oliveira', '1991-09-21', '(37) 99498-1653', 'Salvador', 'M');
INSERT INTO Clientes (Cadastro, Nome, DataNasc, Telefone, Cidade, Sexo) VALUES (31, 'Bruno Monteiro', '1981-01-06', '(43) 98192-7368', 'São Paulo', 'F');
INSERT INTO Clientes (Cadastro, Nome, DataNasc, Telefone, Cidade, Sexo) VALUES (32, 'Fernanda Pereira', '1960-06-08', '(83) 95098-6392', 'São Luís', 'F');
INSERT INTO Clientes (Cadastro, Nome, DataNasc, Telefone, Cidade, Sexo) VALUES (33, 'Pedro Fernandes', '1978-06-20', '(67) 97176-2000', 'Porto Alegre', 'M');
INSERT INTO Clientes (Cadastro, Nome, DataNasc, Telefone, Cidade, Sexo) VALUES (34, 'Simone Figueiredo', '1982-02-26', '(97) 96861-9958', 'São Luís', 'F');
INSERT INTO Clientes (Cadastro, Nome, DataNasc, Telefone, Cidade, Sexo) VALUES (35, 'Rodrigo Moura', '1997-03-27', '(65) 91066-7991', 'Rio de Janeiro', 'F');
INSERT INTO Clientes (Cadastro, Nome, DataNasc, Telefone, Cidade, Sexo) VALUES (36, 'Eduardo Silva', '1946-05-07', '(89) 95748-5569', 'Duque de Caxias', 'F');
INSERT INTO Clientes (Cadastro, Nome, DataNasc, Telefone, Cidade, Sexo) VALUES (37, 'Paula Medeiros', '1997-10-19', '(91) 93194-6555', 'Duque de Caxias', 'F');
INSERT INTO Clientes (Cadastro, Nome, DataNasc, Telefone, Cidade, Sexo) VALUES (38, 'Rodrigo Cardoso', '1997-08-10', '(37) 97603-3239', 'Goiânia', 'F');
INSERT INTO Clientes (Cadastro, Nome, DataNasc, Telefone, Cidade, Sexo) VALUES (39, 'João Pinto', '1981-01-27', '(27) 93588-9250', 'Maceió', 'F');
INSERT INTO Clientes (Cadastro, Nome, DataNasc, Telefone, Cidade, Sexo) VALUES (40, 'Maria Martins', '2001-03-04', '(63) 92192-5800', 'Maceió', 'M');
INSERT INTO Clientes (Cadastro, Nome, DataNasc, Telefone, Cidade, Sexo) VALUES (41, 'Rafael Cardoso', '1972-06-03', '(31) 94161-6472', 'Manaus', 'F');
INSERT INTO Clientes (Cadastro, Nome, DataNasc, Telefone, Cidade, Sexo) VALUES (42, 'Ana Nascimento', '1979-04-09', '(30) 94281-4391', 'Manaus', 'F');
INSERT INTO Clientes (Cadastro, Nome, DataNasc, Telefone, Cidade, Sexo) VALUES (43, 'Felipe Ribeiro', '1986-10-29', '(87) 99222-5187', 'Manaus', 'M');
INSERT INTO Clientes (Cadastro, Nome, DataNasc, Telefone, Cidade, Sexo) VALUES (44, 'Rodrigo Barros', '2002-03-22', '(55) 90228-3779', 'Natal', 'F');
INSERT INTO Clientes (Cadastro, Nome, DataNasc, Telefone, Cidade, Sexo) VALUES (45, 'Luiz Cavalcanti', '1963-03-29', '(97) 93482-6022', 'Curitiba', 'M');
INSERT INTO Clientes (Cadastro, Nome, DataNasc, Telefone, Cidade, Sexo) VALUES (46, 'Letícia Ferreira', '1974-08-02', '(10) 97578-4873', 'Rio de Janeiro', 'F');
INSERT INTO Clientes (Cadastro, Nome, DataNasc, Telefone, Cidade, Sexo) VALUES (47, 'Thiago Mendes', '1945-09-05', '(21) 95838-3924', 'Campinas', 'F');
INSERT INTO Clientes (Cadastro, Nome, DataNasc, Telefone, Cidade, Sexo) VALUES (48, 'Rodrigo Machado', '1972-08-25', '(86) 94618-9003', 'Guarulhos', 'F');
INSERT INTO Clientes (Cadastro, Nome, DataNasc, Telefone, Cidade, Sexo) VALUES (49, 'Sérgio Souza', '1978-07-18', '(49) 96867-8673', 'Duque de Caxias', 'F');
INSERT INTO Clientes (Cadastro, Nome, DataNasc, Telefone, Cidade, Sexo) VALUES (50, 'Lucas Oliveira', '1945-01-24', '(70) 92155-9594', 'Natal', 'F');
INSERT INTO Clientes (Cadastro, Nome, DataNasc, Telefone, Cidade, Sexo) VALUES (51, 'Rodrigo Martins', '1953-08-22', '(57) 90581-8586', 'São Gonçalo', 'M');
INSERT INTO Clientes (Cadastro, Nome, DataNasc, Telefone, Cidade, Sexo) VALUES (52, 'Carla Gomes', '1994-12-23', '(35) 96145-4768', 'Fortaleza', 'M');
INSERT INTO Clientes (Cadastro, Nome, DataNasc, Telefone, Cidade, Sexo) VALUES (53, 'André Cardoso', '1952-08-27', '(14) 90332-7409', 'Belo Horizonte', 'M');
INSERT INTO Clientes (Cadastro, Nome, DataNasc, Telefone, Cidade, Sexo) VALUES (54, 'Eduardo Martins', '1946-02-27', '(52) 97831-4343', 'Rio de Janeiro', 'M');
INSERT INTO Clientes (Cadastro, Nome, DataNasc, Telefone, Cidade, Sexo) VALUES (55, 'Rafael Ribeiro', '1964-05-09', '(44) 98136-4732', 'São Paulo', 'F');
INSERT INTO Clientes (Cadastro, Nome, DataNasc, Telefone, Cidade, Sexo) VALUES (56, 'Ana Oliveira', '2002-05-01', '(73) 96526-2758', 'Campinas', 'M');
INSERT INTO Clientes (Cadastro, Nome, DataNasc, Telefone, Cidade, Sexo) VALUES (57, 'Rafael Araujo', '2004-10-12', '(75) 92130-9686', 'Duque de Caxias', 'M');
INSERT INTO Clientes (Cadastro, Nome, DataNasc, Telefone, Cidade, Sexo) VALUES (58, 'Juliana Duarte', '1984-04-12', '(40) 99476-4603', 'Recife', 'F');
INSERT INTO Clientes (Cadastro, Nome, DataNasc, Telefone, Cidade, Sexo) VALUES (59, 'Sérgio Moura', '1956-09-13', '(90) 98108-4226', 'Recife', 'F');
INSERT INTO Clientes (Cadastro, Nome, DataNasc, Telefone, Cidade, Sexo) VALUES (60, 'Juliana Barbosa', '1957-05-29', '(16) 93064-1998', 'Belém', 'M');
INSERT INTO Clientes (Cadastro, Nome, DataNasc, Telefone, Cidade, Sexo) VALUES (61, 'Patrícia Ferreira', '1964-01-22', '(70) 97008-5774', 'Belém', 'F');
INSERT INTO Clientes (Cadastro, Nome, DataNasc, Telefone, Cidade, Sexo) VALUES (62, 'Juliana Oliveira', '1942-12-06', '(14) 97245-8027', 'Salvador', 'F');
INSERT INTO Clientes (Cadastro, Nome, DataNasc, Telefone, Cidade, Sexo) VALUES (63, 'Bruno Rodrigues', '1982-03-01', '(32) 92759-5502', 'Campinas', 'F');
INSERT INTO Clientes (Cadastro, Nome, DataNasc, Telefone, Cidade, Sexo) VALUES (64, 'Aline Fernandes', '1974-06-23', '(22) 94526-1977', 'São Luís', 'F');
INSERT INTO Clientes (Cadastro, Nome, DataNasc, Telefone, Cidade, Sexo) VALUES (65, 'Paula Moura', '1971-12-31', '(71) 90197-1672', 'Campo Grande', 'M');
INSERT INTO Clientes (Cadastro, Nome, DataNasc, Telefone, Cidade, Sexo) VALUES (66, 'Sérgio Ribeiro', '2001-12-08', '(18) 99364-5814', 'Rio de Janeiro', 'F');
INSERT INTO Clientes (Cadastro, Nome, DataNasc, Telefone, Cidade, Sexo) VALUES (67, 'Letícia Rodrigues', '1973-08-20', '(43) 90452-6638', 'Belo Horizonte', 'F');
INSERT INTO Clientes (Cadastro, Nome, DataNasc, Telefone, Cidade, Sexo) VALUES (68, 'Natália Oliveira', '1960-04-21', '(31) 93966-8443', 'Fortaleza', 'F');
INSERT INTO Clientes (Cadastro, Nome, DataNasc, Telefone, Cidade, Sexo) VALUES (69, 'Paula Mendes', '2003-04-29', '(83) 90929-1524', 'Salvador', 'M');
INSERT INTO Clientes (Cadastro, Nome, DataNasc, Telefone, Cidade, Sexo) VALUES (70, 'Sérgio Almeida', '1941-09-20', '(79) 90546-9020', 'Rio de Janeiro', 'M');
INSERT INTO Clientes (Cadastro, Nome, DataNasc, Telefone, Cidade, Sexo) VALUES (71, 'Paula Santos', '1956-06-28', '(40) 90968-3891', 'Campo Grande', 'F');
INSERT INTO Clientes (Cadastro, Nome, DataNasc, Telefone, Cidade, Sexo) VALUES (72, 'Maria Fernandes', '1948-03-26', '(99) 97951-9473', 'Belém', 'M');
INSERT INTO Clientes (Cadastro, Nome, DataNasc, Telefone, Cidade, Sexo) VALUES (73, 'Maria Barros', '1967-09-15', '(20) 92670-2976', 'Rio de Janeiro', 'M');
INSERT INTO Clientes (Cadastro, Nome, DataNasc, Telefone, Cidade, Sexo) VALUES (74, 'Bruno Nascimento', '2005-06-05', '(27) 95657-3397', 'Rio de Janeiro', 'F');
INSERT INTO Clientes (Cadastro, Nome, DataNasc, Telefone, Cidade, Sexo) VALUES (75, 'Rodrigo Souza', '1970-05-28', '(18) 96132-3921', 'Fortaleza', 'M');
INSERT INTO Clientes (Cadastro, Nome, DataNasc, Telefone, Cidade, Sexo) VALUES (76, 'Gustavo Silva', '1995-04-02', '(62) 98871-8987', 'Manaus', 'M');
INSERT INTO Clientes (Cadastro, Nome, DataNasc, Telefone, Cidade, Sexo) VALUES (77, 'Lucas Barros', '1951-12-03', '(84) 99323-6108', 'Natal', 'F');
INSERT INTO Clientes (Cadastro, Nome, DataNasc, Telefone, Cidade, Sexo) VALUES (78, 'Rafael Mendes', '1981-09-01', '(72) 95462-3745', 'Goiânia', 'F');
INSERT INTO Clientes (Cadastro, Nome, DataNasc, Telefone, Cidade, Sexo) VALUES (79, 'Aline Lima', '1944-02-17', '(82) 90095-3903', 'Recife', 'F');
INSERT INTO Clientes (Cadastro, Nome, DataNasc, Telefone, Cidade, Sexo) VALUES (80, 'Carla Ferreira', '1997-05-10', '(58) 95971-1987', 'Salvador', 'F');
INSERT INTO Clientes (Cadastro, Nome, DataNasc, Telefone, Cidade, Sexo) VALUES (81, 'Roberto Castro', '1954-10-15', '(50) 91269-8979', 'Porto Alegre', 'M');
INSERT INTO Clientes (Cadastro, Nome, DataNasc, Telefone, Cidade, Sexo) VALUES (82, 'Larissa Teixeira', '1967-08-03', '(38) 95880-2944', 'Recife', 'M');
INSERT INTO Clientes (Cadastro, Nome, DataNasc, Telefone, Cidade, Sexo) VALUES (83, 'Thiago Pereira', '1994-11-25', '(94) 94793-9140', 'Curitiba', 'F');
INSERT INTO Clientes (Cadastro, Nome, DataNasc, Telefone, Cidade, Sexo) VALUES (84, 'Felipe Ferreira', '2003-03-05', '(41) 99275-8971', 'Guarulhos', 'M');
INSERT INTO Clientes (Cadastro, Nome, DataNasc, Telefone, Cidade, Sexo) VALUES (85, 'Roberto Machado', '1992-12-01', '(24) 94891-9487', 'Rio de Janeiro', 'F');
INSERT INTO Clientes (Cadastro, Nome, DataNasc, Telefone, Cidade, Sexo) VALUES (86, 'Pedro Pereira', '1998-06-19', '(22) 92457-4285', 'São Luís', 'F');
INSERT INTO Clientes (Cadastro, Nome, DataNasc, Telefone, Cidade, Sexo) VALUES (87, 'Eduardo Costa', '1959-02-20', '(71) 95101-9010', 'Brasília', 'F');
INSERT INTO Clientes (Cadastro, Nome, DataNasc, Telefone, Cidade, Sexo) VALUES (88, 'André Medeiros', '1958-06-02', '(25) 95283-1950', 'São Paulo', 'F');
INSERT INTO Clientes (Cadastro, Nome, DataNasc, Telefone, Cidade, Sexo) VALUES (89, 'Camila Almeida', '1998-07-17', '(13) 96597-2696', 'Brasília', 'F');
INSERT INTO Clientes (Cadastro, Nome, DataNasc, Telefone, Cidade, Sexo) VALUES (90, 'Carlos Santos', '1996-10-23', '(54) 93689-9678', 'Goiânia', 'M');
INSERT INTO Clientes (Cadastro, Nome, DataNasc, Telefone, Cidade, Sexo) VALUES (91, 'Simone Silva', '1966-07-15', '(55) 98406-9741', 'São Paulo', 'M');
INSERT INTO Clientes (Cadastro, Nome, DataNasc, Telefone, Cidade, Sexo) VALUES (92, 'Simone Barros', '1965-08-28', '(51) 97453-7388', 'Manaus', 'F');
INSERT INTO Clientes (Cadastro, Nome, DataNasc, Telefone, Cidade, Sexo) VALUES (93, 'Lucas Barbosa', '1943-12-31', '(99) 91769-2365', 'Belo Horizonte', 'F');
INSERT INTO Clientes (Cadastro, Nome, DataNasc, Telefone, Cidade, Sexo) VALUES (94, 'Ricardo Moura', '1941-11-11', '(15) 96183-8295', 'Salvador', 'F');
INSERT INTO Clientes (Cadastro, Nome, DataNasc, Telefone, Cidade, Sexo) VALUES (95, 'Felipe Gomes', '1992-09-16', '(99) 91432-6257', 'Manaus', 'M');
INSERT INTO Clientes (Cadastro, Nome, DataNasc, Telefone, Cidade, Sexo) VALUES (96, 'Sérgio Ferreira', '1975-06-10', '(18) 91345-4889', 'Natal', 'F');
INSERT INTO Clientes (Cadastro, Nome, DataNasc, Telefone, Cidade, Sexo) VALUES (97, 'Ana Monteiro', '2004-10-22', '(65) 95660-1965', 'Belo Horizonte', 'F');
INSERT INTO Clientes (Cadastro, Nome, DataNasc, Telefone, Cidade, Sexo) VALUES (98, 'Rafael Lima', '1999-11-14', '(34) 98895-2241', 'Rio de Janeiro', 'M');
INSERT INTO Clientes (Cadastro, Nome, DataNasc, Telefone, Cidade, Sexo) VALUES (99, 'Thiago Castro', '1983-06-13', '(26) 93121-9250', 'Goiânia', 'M');
INSERT INTO Clientes (Cadastro, Nome, DataNasc, Telefone, Cidade, Sexo) VALUES (100, 'Luiz Barbosa', '1966-09-17', '(96) 98215-3794', 'Porto Alegre', 'F');
INSERT INTO Clientes (Cadastro, Nome, DataNasc, Telefone, Cidade, Sexo) VALUES (101, 'Paula Rodrigues', '1949-04-13', '(38) 99923-4021', 'Goiânia', 'M');
INSERT INTO Clientes (Cadastro, Nome, DataNasc, Telefone, Cidade, Sexo) VALUES (102, 'Maria Machado', '1957-08-30', '(63) 95034-1651', 'Natal', 'F');
INSERT INTO Clientes (Cadastro, Nome, DataNasc, Telefone, Cidade, Sexo) VALUES (103, 'Maria Figueiredo', '1966-11-22', '(77) 96498-8484', 'Campo Grande', 'M');
INSERT INTO Clientes (Cadastro, Nome, DataNasc, Telefone, Cidade, Sexo) VALUES (104, 'Simone Cavalcanti', '1999-05-19', '(53) 97126-2993', 'Recife', 'M');
INSERT INTO Clientes (Cadastro, Nome, DataNasc, Telefone, Cidade, Sexo) VALUES (105, 'Felipe Nascimento', '1970-03-10', '(87) 90489-9025', 'Porto Alegre', 'F');
INSERT INTO Clientes (Cadastro, Nome, DataNasc, Telefone, Cidade, Sexo) VALUES (106, 'Gabriela Nascimento', '1972-04-04', '(53) 92041-8225', 'Belém', 'M');
INSERT INTO Clientes (Cadastro, Nome, DataNasc, Telefone, Cidade, Sexo) VALUES (107, 'Bruno Moura', '1963-02-13', '(78) 97500-9856', 'Maceió', 'F');
INSERT INTO Clientes (Cadastro, Nome, DataNasc, Telefone, Cidade, Sexo) VALUES (108, 'Rodrigo Pinto', '1977-04-02', '(34) 96008-5127', 'Goiânia', 'M');
INSERT INTO Clientes (Cadastro, Nome, DataNasc, Telefone, Cidade, Sexo) VALUES (109, 'Felipe Oliveira', '1976-11-16', '(83) 93238-8103', 'Campinas', 'F');
INSERT INTO Clientes (Cadastro, Nome, DataNasc, Telefone, Cidade, Sexo) VALUES (110, 'Rodrigo Araujo', '1967-04-02', '(30) 92731-3929', 'Curitiba', 'F');
INSERT INTO Clientes (Cadastro, Nome, DataNasc, Telefone, Cidade, Sexo) VALUES (111, 'Larissa Almeida', '1987-08-25', '(28) 98722-2311', 'Rio de Janeiro', 'F');
INSERT INTO Clientes (Cadastro, Nome, DataNasc, Telefone, Cidade, Sexo) VALUES (112, 'Aline Santos', '1965-01-06', '(64) 99334-7176', 'Fortaleza', 'M');
INSERT INTO Clientes (Cadastro, Nome, DataNasc, Telefone, Cidade, Sexo) VALUES (113, 'André Figueiredo', '1962-05-09', '(88) 98294-6842', 'Brasília', 'F');
INSERT INTO Clientes (Cadastro, Nome, DataNasc, Telefone, Cidade, Sexo) VALUES (114, 'Ricardo Santos', '1972-05-21', '(94) 91732-5606', 'Porto Alegre', 'M');
INSERT INTO Clientes (Cadastro, Nome, DataNasc, Telefone, Cidade, Sexo) VALUES (115, 'Natália Martins', '1974-04-18', '(86) 91075-6086', 'Goiânia', 'F');
INSERT INTO Clientes (Cadastro, Nome, DataNasc, Telefone, Cidade, Sexo) VALUES (116, 'Rafael Rodrigues', '1994-03-19', '(29) 95216-6685', 'Duque de Caxias', 'M');
INSERT INTO Clientes (Cadastro, Nome, DataNasc, Telefone, Cidade, Sexo) VALUES (117, 'Vinícius Martins', '1999-01-02', '(13) 90397-6043', 'Goiânia', 'M');
INSERT INTO Clientes (Cadastro, Nome, DataNasc, Telefone, Cidade, Sexo) VALUES (118, 'Felipe Barros', '1947-01-12', '(31) 99674-5298', 'Brasília', 'F');
INSERT INTO Clientes (Cadastro, Nome, DataNasc, Telefone, Cidade, Sexo) VALUES (119, 'Natália Castro', '1954-07-05', '(23) 91088-8799', 'Curitiba', 'M');
INSERT INTO Clientes (Cadastro, Nome, DataNasc, Telefone, Cidade, Sexo) VALUES (120, 'André Nascimento', '1968-05-14', '(45) 93315-5704', 'Porto Alegre', 'F');
INSERT INTO Clientes (Cadastro, Nome, DataNasc, Telefone, Cidade, Sexo) VALUES (121, 'Maria Pinto', '1941-05-15', '(12) 93094-9112', 'Natal', 'M');
INSERT INTO Clientes (Cadastro, Nome, DataNasc, Telefone, Cidade, Sexo) VALUES (122, 'Maria Duarte', '1994-03-25', '(88) 91131-6715', 'Recife', 'F');
INSERT INTO Clientes (Cadastro, Nome, DataNasc, Telefone, Cidade, Sexo) VALUES (123, 'Patrícia Fernandes', '1945-01-25', '(10) 94608-4126', 'Salvador', 'F');
INSERT INTO Clientes (Cadastro, Nome, DataNasc, Telefone, Cidade, Sexo) VALUES (124, 'Camila Cardoso', '1971-05-04', '(64) 99904-2133', 'Curitiba', 'F');
INSERT INTO Clientes (Cadastro, Nome, DataNasc, Telefone, Cidade, Sexo) VALUES (125, 'Marcos Monteiro', '1975-07-22', '(97) 94016-3254', 'Salvador', 'M');
INSERT INTO Clientes (Cadastro, Nome, DataNasc, Telefone, Cidade, Sexo) VALUES (126, 'André Duarte', '1992-12-23', '(42) 90787-7375', 'Campinas', 'F');
INSERT INTO Clientes (Cadastro, Nome, DataNasc, Telefone, Cidade, Sexo) VALUES (127, 'Lucas Moura', '1959-04-04', '(90) 94437-7740', 'Curitiba', 'M');
INSERT INTO Clientes (Cadastro, Nome, DataNasc, Telefone, Cidade, Sexo) VALUES (128, 'Vinícius Machado', '1991-11-08', '(12) 93878-5590', 'Maceió', 'F');
INSERT INTO Clientes (Cadastro, Nome, DataNasc, Telefone, Cidade, Sexo) VALUES (129, 'Pedro Nascimento', '1986-04-06', '(91) 93388-7985', 'Natal', 'F');
INSERT INTO Clientes (Cadastro, Nome, DataNasc, Telefone, Cidade, Sexo) VALUES (130, 'André Mendes', '1996-11-21', '(52) 91445-7904', 'Brasília', 'F');
INSERT INTO Clientes (Cadastro, Nome, DataNasc, Telefone, Cidade, Sexo) VALUES (131, 'Carlos Ribeiro', '1956-11-04', '(55) 90612-7897', 'Fortaleza', 'F');
INSERT INTO Clientes (Cadastro, Nome, DataNasc, Telefone, Cidade, Sexo) VALUES (132, 'Juliana Barros', '2005-05-26', '(96) 90217-4333', 'São Paulo', 'F');
INSERT INTO Clientes (Cadastro, Nome, DataNasc, Telefone, Cidade, Sexo) VALUES (133, 'Eduardo Moura', '1978-07-13', '(65) 97627-5396', 'Curitiba', 'M');
INSERT INTO Clientes (Cadastro, Nome, DataNasc, Telefone, Cidade, Sexo) VALUES (134, 'Carla Martins', '1999-09-12', '(62) 90856-7609', 'São Gonçalo', 'F');
INSERT INTO Clientes (Cadastro, Nome, DataNasc, Telefone, Cidade, Sexo) VALUES (135, 'André Ribeiro', '1976-06-29', '(86) 93677-5718', 'Porto Alegre', 'F');
INSERT INTO Clientes (Cadastro, Nome, DataNasc, Telefone, Cidade, Sexo) VALUES (136, 'Roberto Almeida', '1952-08-21', '(28) 96343-7764', 'Campinas', 'F');
INSERT INTO Clientes (Cadastro, Nome, DataNasc, Telefone, Cidade, Sexo) VALUES (137, 'Renata Ferreira', '1962-05-14', '(49) 96069-4689', 'Rio de Janeiro', 'F');
INSERT INTO Clientes (Cadastro, Nome, DataNasc, Telefone, Cidade, Sexo) VALUES (138, 'Fernanda Medeiros', '1956-04-16', '(59) 94595-8755', 'Maceió', 'M');
INSERT INTO Clientes (Cadastro, Nome, DataNasc, Telefone, Cidade, Sexo) VALUES (139, 'Lucas Duarte', '2000-12-12', '(74) 96403-3346', 'Porto Alegre', 'M');
INSERT INTO Clientes (Cadastro, Nome, DataNasc, Telefone, Cidade, Sexo) VALUES (140, 'Carla Cavalcanti', '1955-02-16', '(45) 97112-9352', 'Guarulhos', 'F');
INSERT INTO Clientes (Cadastro, Nome, DataNasc, Telefone, Cidade, Sexo) VALUES (141, 'Thiago Nascimento', '1989-11-10', '(62) 99186-3563', 'São Luís', 'F');
INSERT INTO Clientes (Cadastro, Nome, DataNasc, Telefone, Cidade, Sexo) VALUES (142, 'Marcos Martins', '1955-07-18', '(60) 99113-7597', 'Curitiba', 'F');
INSERT INTO Clientes (Cadastro, Nome, DataNasc, Telefone, Cidade, Sexo) VALUES (143, 'Natália Costa', '1949-08-04', '(48) 94491-3760', 'São Paulo', 'F');
INSERT INTO Clientes (Cadastro, Nome, DataNasc, Telefone, Cidade, Sexo) VALUES (144, 'Pedro Araujo', '2003-06-03', '(86) 98619-1476', 'Belo Horizonte', 'M');
INSERT INTO Clientes (Cadastro, Nome, DataNasc, Telefone, Cidade, Sexo) VALUES (145, 'Marcos Figueiredo', '1951-08-28', '(74) 96776-2365', 'Recife', 'M');
INSERT INTO Clientes (Cadastro, Nome, DataNasc, Telefone, Cidade, Sexo) VALUES (146, 'Marcos Pinto', '1952-06-07', '(78) 96765-5501', 'São Gonçalo', 'M');
INSERT INTO Clientes (Cadastro, Nome, DataNasc, Telefone, Cidade, Sexo) VALUES (147, 'Carlos Monteiro', '1946-05-08', '(49) 91515-6185', 'São Gonçalo', 'M');
INSERT INTO Clientes (Cadastro, Nome, DataNasc, Telefone, Cidade, Sexo) VALUES (148, 'Bruno Figueiredo', '1951-09-13', '(47) 99873-9416', 'Porto Alegre', 'M');
INSERT INTO Clientes (Cadastro, Nome, DataNasc, Telefone, Cidade, Sexo) VALUES (149, 'Luiz Monteiro', '1945-08-09', '(76) 99158-2604', 'Fortaleza', 'F');
INSERT INTO Clientes (Cadastro, Nome, DataNasc, Telefone, Cidade, Sexo) VALUES (150, 'Maria Mendes', '1956-02-11', '(25) 99673-4917', 'Natal', 'F');
INSERT INTO Clientes (Cadastro, Nome, DataNasc, Telefone, Cidade, Sexo) VALUES (151, 'Beatriz Vieira', '2003-03-03', '(40) 92465-2244', 'Belém', 'F');
INSERT INTO Clientes (Cadastro, Nome, DataNasc, Telefone, Cidade, Sexo) VALUES (152, 'Letícia Teixeira', '1955-11-13', '(57) 96714-5875', 'Recife', 'M');
INSERT INTO Clientes (Cadastro, Nome, DataNasc, Telefone, Cidade, Sexo) VALUES (153, 'Roberto Medeiros', '1950-09-17', '(56) 95447-3588', 'São Paulo', 'M');
INSERT INTO Clientes (Cadastro, Nome, DataNasc, Telefone, Cidade, Sexo) VALUES (154, 'Eduardo Fernandes', '1954-11-26', '(26) 99796-6435', 'Campo Grande', 'F');
INSERT INTO Clientes (Cadastro, Nome, DataNasc, Telefone, Cidade, Sexo) VALUES (155, 'Larissa Ribeiro', '1986-12-29', '(34) 93508-2084', 'São Paulo', 'F');
INSERT INTO Clientes (Cadastro, Nome, DataNasc, Telefone, Cidade, Sexo) VALUES (156, 'Ana Martins', '1991-09-10', '(17) 91457-2977', 'Manaus', 'M');
INSERT INTO Clientes (Cadastro, Nome, DataNasc, Telefone, Cidade, Sexo) VALUES (157, 'Felipe Medeiros', '2003-04-16', '(58) 99073-7157', 'Fortaleza', 'F');
INSERT INTO Clientes (Cadastro, Nome, DataNasc, Telefone, Cidade, Sexo) VALUES (158, 'Paula Freitas', '1981-11-21', '(41) 94669-1873', 'Salvador', 'M');
INSERT INTO Clientes (Cadastro, Nome, DataNasc, Telefone, Cidade, Sexo) VALUES (159, 'Ricardo Nascimento', '1996-10-15', '(79) 94701-4182', 'Natal', 'F');
INSERT INTO Clientes (Cadastro, Nome, DataNasc, Telefone, Cidade, Sexo) VALUES (160, 'Rodrigo Ferreira', '1999-08-22', '(78) 92012-5297', 'Fortaleza', 'M');
INSERT INTO Clientes (Cadastro, Nome, DataNasc, Telefone, Cidade, Sexo) VALUES (161, 'Ricardo Machado', '1971-08-08', '(34) 98133-9411', 'Salvador', 'M');
INSERT INTO Clientes (Cadastro, Nome, DataNasc, Telefone, Cidade, Sexo) VALUES (162, 'Renata Duarte', '1964-10-28', '(10) 92745-9229', 'Natal', 'F');
INSERT INTO Clientes (Cadastro, Nome, DataNasc, Telefone, Cidade, Sexo) VALUES (163, 'Roberto Gomes', '1954-02-14', '(84) 96977-1581', 'Belém', 'F');
INSERT INTO Clientes (Cadastro, Nome, DataNasc, Telefone, Cidade, Sexo) VALUES (164, 'Thiago Silva', '1962-05-19', '(67) 91570-5672', 'Brasília', 'M');
INSERT INTO Clientes (Cadastro, Nome, DataNasc, Telefone, Cidade, Sexo) VALUES (165, 'Eduardo Almeida', '1941-04-05', '(10) 90843-1170', 'Fortaleza', 'M');
INSERT INTO Clientes (Cadastro, Nome, DataNasc, Telefone, Cidade, Sexo) VALUES (166, 'Thiago Barbosa', '1948-03-02', '(42) 90739-6650', 'São Gonçalo', 'M');
INSERT INTO Clientes (Cadastro, Nome, DataNasc, Telefone, Cidade, Sexo) VALUES (167, 'Camila Lima', '2001-07-08', '(68) 92429-1632', 'Belo Horizonte', 'F');
INSERT INTO Clientes (Cadastro, Nome, DataNasc, Telefone, Cidade, Sexo) VALUES (168, 'Carla Freitas', '1987-03-30', '(24) 91903-8437', 'Duque de Caxias', 'M');
INSERT INTO Clientes (Cadastro, Nome, DataNasc, Telefone, Cidade, Sexo) VALUES (169, 'Rodrigo Medeiros', '1960-02-29', '(25) 96335-1021', 'Brasília', 'M');
INSERT INTO Clientes (Cadastro, Nome, DataNasc, Telefone, Cidade, Sexo) VALUES (170, 'Simone Monteiro', '1946-01-22', '(50) 95773-8356', 'Porto Alegre', 'M');
INSERT INTO Clientes (Cadastro, Nome, DataNasc, Telefone, Cidade, Sexo) VALUES (171, 'Juliana Machado', '1964-12-24', '(55) 97325-8950', 'Campo Grande', 'F');
INSERT INTO Clientes (Cadastro, Nome, DataNasc, Telefone, Cidade, Sexo) VALUES (172, 'Aline Medeiros', '2001-04-18', '(80) 99780-2866', 'Goiânia', 'M');
INSERT INTO Clientes (Cadastro, Nome, DataNasc, Telefone, Cidade, Sexo) VALUES (173, 'Vanessa Figueiredo', '1960-11-02', '(88) 96654-8043', 'Campo Grande', 'F');
INSERT INTO Clientes (Cadastro, Nome, DataNasc, Telefone, Cidade, Sexo) VALUES (174, 'Fernanda Duarte', '1942-11-28', '(88) 96325-1888', 'Salvador', 'M');
INSERT INTO Clientes (Cadastro, Nome, DataNasc, Telefone, Cidade, Sexo) VALUES (175, 'Simone Castro', '1959-07-02', '(53) 90318-5201', 'Rio de Janeiro', 'M');
INSERT INTO Clientes (Cadastro, Nome, DataNasc, Telefone, Cidade, Sexo) VALUES (176, 'Larissa Ferreira', '1958-05-11', '(12) 91163-2865', 'Fortaleza', 'M');
INSERT INTO Clientes (Cadastro, Nome, DataNasc, Telefone, Cidade, Sexo) VALUES (177, 'Luiz Cardoso', '1962-05-14', '(84) 94205-4007', 'Duque de Caxias', 'F');
INSERT INTO Clientes (Cadastro, Nome, DataNasc, Telefone, Cidade, Sexo) VALUES (178, 'Larissa Martins', '1942-09-30', '(51) 95226-2305', 'Rio de Janeiro', 'M');
INSERT INTO Clientes (Cadastro, Nome, DataNasc, Telefone, Cidade, Sexo) VALUES (179, 'Lucas Monteiro', '1983-02-21', '(49) 98674-6379', 'Manaus', 'F');
INSERT INTO Clientes (Cadastro, Nome, DataNasc, Telefone, Cidade, Sexo) VALUES (180, 'Carla Teixeira', '1961-05-04', '(18) 99609-1320', 'Goiânia', 'F');
INSERT INTO Clientes (Cadastro, Nome, DataNasc, Telefone, Cidade, Sexo) VALUES (181, 'Gabriela Freitas', '1988-08-12', '(96) 97006-3883', 'Guarulhos', 'M');
INSERT INTO Clientes (Cadastro, Nome, DataNasc, Telefone, Cidade, Sexo) VALUES (182, 'Luiz Freitas', '2004-07-15', '(47) 95355-1793', 'Curitiba', 'M');
INSERT INTO Clientes (Cadastro, Nome, DataNasc, Telefone, Cidade, Sexo) VALUES (183, 'Carla Mendes', '1984-09-10', '(22) 91036-8326', 'São Paulo', 'F');
INSERT INTO Clientes (Cadastro, Nome, DataNasc, Telefone, Cidade, Sexo) VALUES (184, 'Roberto Barbosa', '1967-02-05', '(91) 97651-5743', 'Recife', 'F');
INSERT INTO Clientes (Cadastro, Nome, DataNasc, Telefone, Cidade, Sexo) VALUES (185, 'Sérgio Rodrigues', '1951-05-08', '(99) 90607-2858', 'Fortaleza', 'F');
INSERT INTO Clientes (Cadastro, Nome, DataNasc, Telefone, Cidade, Sexo) VALUES (186, 'Rodrigo Costa', '1988-03-01', '(26) 99036-8582', 'Brasília', 'M');
INSERT INTO Clientes (Cadastro, Nome, DataNasc, Telefone, Cidade, Sexo) VALUES (187, 'Ana Castro', '1965-10-14', '(34) 98860-3781', 'Guarulhos', 'M');
INSERT INTO Clientes (Cadastro, Nome, DataNasc, Telefone, Cidade, Sexo) VALUES (188, 'Vinícius Teixeira', '1990-09-23', '(31) 97408-5121', 'Recife', 'M');
INSERT INTO Clientes (Cadastro, Nome, DataNasc, Telefone, Cidade, Sexo) VALUES (189, 'Simone Souza', '1966-12-05', '(77) 95765-9112', 'Goiânia', 'F');
INSERT INTO Clientes (Cadastro, Nome, DataNasc, Telefone, Cidade, Sexo) VALUES (190, 'André Almeida', '1957-11-19', '(31) 93968-4345', 'Goiânia', 'M');
INSERT INTO Clientes (Cadastro, Nome, DataNasc, Telefone, Cidade, Sexo) VALUES (191, 'Luiz Lima', '1958-10-06', '(46) 96956-4330', 'São Paulo', 'M');
INSERT INTO Clientes (Cadastro, Nome, DataNasc, Telefone, Cidade, Sexo) VALUES (192, 'Juliana Medeiros', '1971-11-13', '(43) 90953-4206', 'Recife', 'F');
INSERT INTO Clientes (Cadastro, Nome, DataNasc, Telefone, Cidade, Sexo) VALUES (193, 'Carlos Figueiredo', '1945-02-19', '(99) 97077-2479', 'Belo Horizonte', 'M');
INSERT INTO Clientes (Cadastro, Nome, DataNasc, Telefone, Cidade, Sexo) VALUES (194, 'Cláudia Figueiredo', '1986-07-06', '(33) 98393-8221', 'Campo Grande', 'F');
INSERT INTO Clientes (Cadastro, Nome, DataNasc, Telefone, Cidade, Sexo) VALUES (195, 'Larissa Duarte', '1964-10-22', '(72) 93533-7275', 'Guarulhos', 'M');
INSERT INTO Clientes (Cadastro, Nome, DataNasc, Telefone, Cidade, Sexo) VALUES (196, 'Natália Rodrigues', '1977-09-19', '(51) 97908-6657', 'Salvador', 'M');
INSERT INTO Clientes (Cadastro, Nome, DataNasc, Telefone, Cidade, Sexo) VALUES (197, 'Beatriz Freitas', '1983-08-22', '(62) 99921-9212', 'Manaus', 'F');
INSERT INTO Clientes (Cadastro, Nome, DataNasc, Telefone, Cidade, Sexo) VALUES (198, 'Bruno Freitas', '1962-10-25', '(14) 93691-7578', 'Fortaleza', 'F');
INSERT INTO Clientes (Cadastro, Nome, DataNasc, Telefone, Cidade, Sexo) VALUES (199, 'Thiago Araujo', '1969-06-27', '(91) 97103-3069', 'Recife', 'M');
INSERT INTO Clientes (Cadastro, Nome, DataNasc, Telefone, Cidade, Sexo) VALUES (200, 'Cláudia Monteiro', '2004-01-31', '(55) 93223-9328', 'Curitiba', 'F');
INSERT INTO Clientes (Cadastro, Nome, DataNasc, Telefone, Cidade, Sexo) VALUES (201, 'Vanessa Araujo', '1994-04-21', '(51) 95367-3210', 'Fortaleza', 'M');
INSERT INTO Clientes (Cadastro, Nome, DataNasc, Telefone, Cidade, Sexo) VALUES (202, 'Carlos Pinto', '1947-06-20', '(65) 90981-4566', 'Belo Horizonte', 'M');
INSERT INTO Clientes (Cadastro, Nome, DataNasc, Telefone, Cidade, Sexo) VALUES (203, 'Sérgio Medeiros', '1972-10-01', '(55) 90966-2078', 'São Luís', 'F');
INSERT INTO Clientes (Cadastro, Nome, DataNasc, Telefone, Cidade, Sexo) VALUES (204, 'Maria Ribeiro', '1946-02-23', '(20) 90446-8496', 'Maceió', 'M');
INSERT INTO Clientes (Cadastro, Nome, DataNasc, Telefone, Cidade, Sexo) VALUES (205, 'Vanessa Medeiros', '1955-06-16', '(80) 98410-3300', 'Natal', 'M');
INSERT INTO Clientes (Cadastro, Nome, DataNasc, Telefone, Cidade, Sexo) VALUES (206, 'Marcos Barbosa', '1961-05-22', '(50) 97390-5546', 'Fortaleza', 'M');
INSERT INTO Clientes (Cadastro, Nome, DataNasc, Telefone, Cidade, Sexo) VALUES (207, 'Renata Mendes', '1949-08-02', '(51) 90151-9939', 'Campo Grande', 'F');
INSERT INTO Clientes (Cadastro, Nome, DataNasc, Telefone, Cidade, Sexo) VALUES (208, 'Maria Teixeira', '1981-09-27', '(64) 97963-5289', 'Duque de Caxias', 'F');
INSERT INTO Clientes (Cadastro, Nome, DataNasc, Telefone, Cidade, Sexo) VALUES (209, 'Thiago Rodrigues', '1942-04-30', '(50) 99117-4768', 'São Gonçalo', 'F');
INSERT INTO Clientes (Cadastro, Nome, DataNasc, Telefone, Cidade, Sexo) VALUES (210, 'Letícia Silva', '1950-09-09', '(88) 99855-7005', 'Natal', 'M');
INSERT INTO Clientes (Cadastro, Nome, DataNasc, Telefone, Cidade, Sexo) VALUES (211, 'Bruno Silva', '1973-10-16', '(31) 97647-8468', 'Curitiba', 'M');
INSERT INTO Clientes (Cadastro, Nome, DataNasc, Telefone, Cidade, Sexo) VALUES (212, 'Beatriz Gomes', '1974-12-05', '(14) 90743-1651', 'Rio de Janeiro', 'M');
INSERT INTO Clientes (Cadastro, Nome, DataNasc, Telefone, Cidade, Sexo) VALUES (213, 'Vinícius Moura', '2002-11-09', '(96) 98598-7713', 'Recife', 'F');
INSERT INTO Clientes (Cadastro, Nome, DataNasc, Telefone, Cidade, Sexo) VALUES (214, 'Luiz Figueiredo', '1987-09-22', '(34) 90603-5828', 'Fortaleza', 'F');
INSERT INTO Clientes (Cadastro, Nome, DataNasc, Telefone, Cidade, Sexo) VALUES (215, 'Carlos Souza', '2000-04-18', '(20) 93317-2174', 'Maceió', 'M');
INSERT INTO Clientes (Cadastro, Nome, DataNasc, Telefone, Cidade, Sexo) VALUES (216, 'Ana Teixeira', '1980-11-16', '(15) 98931-2414', 'São Gonçalo', 'M');
INSERT INTO Clientes (Cadastro, Nome, DataNasc, Telefone, Cidade, Sexo) VALUES (217, 'Ricardo Cavalcanti', '1961-06-22', '(18) 96817-4543', 'Maceió', 'F');
INSERT INTO Clientes (Cadastro, Nome, DataNasc, Telefone, Cidade, Sexo) VALUES (218, 'Gustavo Mendes', '1992-12-24', '(95) 91508-1758', 'Campinas', 'M');
INSERT INTO Clientes (Cadastro, Nome, DataNasc, Telefone, Cidade, Sexo) VALUES (219, 'Felipe Vieira', '1959-04-01', '(74) 99222-2620', 'Curitiba', 'M');
INSERT INTO Clientes (Cadastro, Nome, DataNasc, Telefone, Cidade, Sexo) VALUES (220, 'Lucas Araujo', '2000-09-10', '(26) 95714-4431', 'Brasília', 'F');
INSERT INTO Clientes (Cadastro, Nome, DataNasc, Telefone, Cidade, Sexo) VALUES (221, 'Ana Campos', '1990-12-17', '(39) 97094-5329', 'Campo Grande', 'M');
INSERT INTO Clientes (Cadastro, Nome, DataNasc, Telefone, Cidade, Sexo) VALUES (222, 'Ricardo Almeida', '1956-10-27', '(52) 98386-2859', 'Duque de Caxias', 'M');
INSERT INTO Clientes (Cadastro, Nome, DataNasc, Telefone, Cidade, Sexo) VALUES (223, 'Natália Pinto', '1963-02-07', '(82) 91492-3648', 'Belém', 'F');
INSERT INTO Clientes (Cadastro, Nome, DataNasc, Telefone, Cidade, Sexo) VALUES (224, 'Camila Duarte', '1991-09-02', '(90) 94999-2367', 'Goiânia', 'M');
INSERT INTO Clientes (Cadastro, Nome, DataNasc, Telefone, Cidade, Sexo) VALUES (225, 'Juliana Martins', '1972-03-04', '(81) 97839-8389', 'Porto Alegre', 'F');
INSERT INTO Clientes (Cadastro, Nome, DataNasc, Telefone, Cidade, Sexo) VALUES (226, 'Ricardo Ribeiro', '1982-06-11', '(20) 95478-3443', 'Campinas', 'M');
INSERT INTO Clientes (Cadastro, Nome, DataNasc, Telefone, Cidade, Sexo) VALUES (227, 'Simone Cardoso', '1956-09-15', '(81) 94439-9387', 'Rio de Janeiro', 'F');
INSERT INTO Clientes (Cadastro, Nome, DataNasc, Telefone, Cidade, Sexo) VALUES (228, 'Gabriela Cavalcanti', '1976-09-30', '(92) 97376-1213', 'Recife', 'F');
INSERT INTO Clientes (Cadastro, Nome, DataNasc, Telefone, Cidade, Sexo) VALUES (229, 'Ricardo Ferreira', '1979-11-16', '(96) 92717-6279', 'São Paulo', 'M');
INSERT INTO Clientes (Cadastro, Nome, DataNasc, Telefone, Cidade, Sexo) VALUES (230, 'Pedro Freitas', '2002-06-11', '(10) 92112-3481', 'São Paulo', 'F');
INSERT INTO Clientes (Cadastro, Nome, DataNasc, Telefone, Cidade, Sexo) VALUES (231, 'Vanessa Cavalcanti', '1987-09-21', '(50) 91317-9187', 'Recife', 'M');
INSERT INTO Clientes (Cadastro, Nome, DataNasc, Telefone, Cidade, Sexo) VALUES (232, 'Cláudia Almeida', '1991-02-11', '(16) 97350-9699', 'Goiânia', 'F');
INSERT INTO Clientes (Cadastro, Nome, DataNasc, Telefone, Cidade, Sexo) VALUES (233, 'Cláudia Ferreira', '1949-03-12', '(49) 90566-6319', 'Belém', 'M');
INSERT INTO Clientes (Cadastro, Nome, DataNasc, Telefone, Cidade, Sexo) VALUES (234, 'Gustavo Medeiros', '1964-02-18', '(36) 92041-8265', 'São Luís', 'M');
INSERT INTO Clientes (Cadastro, Nome, DataNasc, Telefone, Cidade, Sexo) VALUES (235, 'Ana Ferreira', '2000-01-20', '(57) 99508-9867', 'São Luís', 'F');
INSERT INTO Clientes (Cadastro, Nome, DataNasc, Telefone, Cidade, Sexo) VALUES (236, 'Simone Barbosa', '1945-11-06', '(56) 95941-9769', 'Fortaleza', 'F');
INSERT INTO Clientes (Cadastro, Nome, DataNasc, Telefone, Cidade, Sexo) VALUES (237, 'Lucas Medeiros', '1942-09-28', '(54) 98526-3268', 'Natal', 'F');
INSERT INTO Clientes (Cadastro, Nome, DataNasc, Telefone, Cidade, Sexo) VALUES (238, 'Simone Pinto', '1955-12-23', '(94) 97743-5618', 'Fortaleza', 'F');
INSERT INTO Clientes (Cadastro, Nome, DataNasc, Telefone, Cidade, Sexo) VALUES (239, 'Natália Monteiro', '1996-05-23', '(99) 96617-2334', 'São Paulo', 'F');
INSERT INTO Clientes (Cadastro, Nome, DataNasc, Telefone, Cidade, Sexo) VALUES (240, 'Cláudia Cavalcanti', '1963-01-08', '(81) 91345-4020', 'Salvador', 'M');
INSERT INTO Clientes (Cadastro, Nome, DataNasc, Telefone, Cidade, Sexo) VALUES (241, 'Larissa Vieira', '1993-05-16', '(31) 96038-8401', 'Duque de Caxias', 'M');
INSERT INTO Clientes (Cadastro, Nome, DataNasc, Telefone, Cidade, Sexo) VALUES (242, 'André Martins', '1974-11-06', '(41) 96558-2730', 'São Luís', 'F');
INSERT INTO Clientes (Cadastro, Nome, DataNasc, Telefone, Cidade, Sexo) VALUES (243, 'João Silva', '1966-10-19', '(92) 90553-5882', 'São Luís', 'F');
INSERT INTO Clientes (Cadastro, Nome, DataNasc, Telefone, Cidade, Sexo) VALUES (244, 'Thiago Pinto', '1969-02-12', '(24) 93296-2054', 'Goiânia', 'F');
INSERT INTO Clientes (Cadastro, Nome, DataNasc, Telefone, Cidade, Sexo) VALUES (245, 'João Fernandes', '1980-06-03', '(83) 98050-3461', 'Brasília', 'M');
INSERT INTO Clientes (Cadastro, Nome, DataNasc, Telefone, Cidade, Sexo) VALUES (246, 'Juliana Mendes', '1944-03-08', '(25) 98208-4978', 'Curitiba', 'F');
INSERT INTO Clientes (Cadastro, Nome, DataNasc, Telefone, Cidade, Sexo) VALUES (247, 'Roberto Monteiro', '1973-11-11', '(43) 90767-8190', 'Recife', 'M');
INSERT INTO Clientes (Cadastro, Nome, DataNasc, Telefone, Cidade, Sexo) VALUES (248, 'Marcos Almeida', '1977-12-14', '(54) 95310-3201', 'Belém', 'M');
INSERT INTO Clientes (Cadastro, Nome, DataNasc, Telefone, Cidade, Sexo) VALUES (249, 'Rafael Barros', '1999-05-09', '(67) 98632-7751', 'Recife', 'F');
INSERT INTO Clientes (Cadastro, Nome, DataNasc, Telefone, Cidade, Sexo) VALUES (250, 'Simone Ferreira', '1945-11-13', '(75) 98828-3822', 'Guarulhos', 'M');
INSERT INTO Clientes (Cadastro, Nome, DataNasc, Telefone, Cidade, Sexo) VALUES (251, 'Gustavo Almeida', '1985-06-09', '(55) 90072-8474', 'Curitiba', 'M');
INSERT INTO Clientes (Cadastro, Nome, DataNasc, Telefone, Cidade, Sexo) VALUES (252, 'Juliana Castro', '1984-10-27', '(74) 95993-1481', 'Campinas', 'M');
INSERT INTO Clientes (Cadastro, Nome, DataNasc, Telefone, Cidade, Sexo) VALUES (253, 'Juliana Nascimento', '1974-07-15', '(93) 97416-8277', 'São Gonçalo', 'F');
INSERT INTO Clientes (Cadastro, Nome, DataNasc, Telefone, Cidade, Sexo) VALUES (254, 'Fernanda Vieira', '2004-12-05', '(13) 99207-3894', 'Manaus', 'F');
INSERT INTO Clientes (Cadastro, Nome, DataNasc, Telefone, Cidade, Sexo) VALUES (255, 'Renata Santos', '1987-08-02', '(49) 92927-1741', 'Brasília', 'F');
INSERT INTO Clientes (Cadastro, Nome, DataNasc, Telefone, Cidade, Sexo) VALUES (256, 'Vanessa Almeida', '1945-03-14', '(15) 97986-3017', 'Goiânia', 'M');
INSERT INTO Clientes (Cadastro, Nome, DataNasc, Telefone, Cidade, Sexo) VALUES (257, 'Renata Barbosa', '1977-07-18', '(25) 96704-2513', 'São Luís', 'M');
INSERT INTO Clientes (Cadastro, Nome, DataNasc, Telefone, Cidade, Sexo) VALUES (258, 'Roberto Souza', '1988-01-14', '(96) 99106-7250', 'Rio de Janeiro', 'F');
INSERT INTO Clientes (Cadastro, Nome, DataNasc, Telefone, Cidade, Sexo) VALUES (259, 'Marcos Castro', '1947-07-04', '(17) 95037-5445', 'Goiânia', 'F');
INSERT INTO Clientes (Cadastro, Nome, DataNasc, Telefone, Cidade, Sexo) VALUES (260, 'Felipe Almeida', '1997-11-05', '(52) 94017-2478', 'Fortaleza', 'F');
INSERT INTO Clientes (Cadastro, Nome, DataNasc, Telefone, Cidade, Sexo) VALUES (261, 'Thiago Souza', '1948-02-08', '(10) 99600-2844', 'Manaus', 'F');
INSERT INTO Clientes (Cadastro, Nome, DataNasc, Telefone, Cidade, Sexo) VALUES (262, 'Renata Nascimento', '1946-10-24', '(38) 95132-9608', 'Recife', 'M');
INSERT INTO Clientes (Cadastro, Nome, DataNasc, Telefone, Cidade, Sexo) VALUES (263, 'Aline Cavalcanti', '1989-05-16', '(40) 97141-8578', 'Belo Horizonte', 'M');
INSERT INTO Clientes (Cadastro, Nome, DataNasc, Telefone, Cidade, Sexo) VALUES (264, 'Maria Castro', '1953-02-09', '(16) 96464-4066', 'Manaus', 'M');
INSERT INTO Clientes (Cadastro, Nome, DataNasc, Telefone, Cidade, Sexo) VALUES (265, 'Rodrigo Cavalcanti', '1943-07-01', '(21) 95283-1365', 'Manaus', 'F');
INSERT INTO Clientes (Cadastro, Nome, DataNasc, Telefone, Cidade, Sexo) VALUES (266, 'Thiago Monteiro', '1961-01-15', '(83) 95513-5528', 'Fortaleza', 'M');
INSERT INTO Clientes (Cadastro, Nome, DataNasc, Telefone, Cidade, Sexo) VALUES (267, 'Roberto Cardoso', '1957-09-18', '(68) 91115-8827', 'Curitiba', 'M');
INSERT INTO Clientes (Cadastro, Nome, DataNasc, Telefone, Cidade, Sexo) VALUES (268, 'Rafael Fernandes', '1965-04-25', '(89) 97387-1441', 'Goiânia', 'F');
INSERT INTO Clientes (Cadastro, Nome, DataNasc, Telefone, Cidade, Sexo) VALUES (269, 'Ricardo Medeiros', '2000-12-07', '(11) 92906-7404', 'Rio de Janeiro', 'M');
INSERT INTO Clientes (Cadastro, Nome, DataNasc, Telefone, Cidade, Sexo) VALUES (270, 'Cláudia Pereira', '1940-10-04', '(40) 97879-8138', 'Campo Grande', 'F');
INSERT INTO Clientes (Cadastro, Nome, DataNasc, Telefone, Cidade, Sexo) VALUES (271, 'Patrícia Machado', '1942-01-12', '(33) 98454-9065', 'São Paulo', 'M');
INSERT INTO Clientes (Cadastro, Nome, DataNasc, Telefone, Cidade, Sexo) VALUES (272, 'Rafael Santos', '1972-11-02', '(40) 93139-1963', 'São Luís', 'M');
INSERT INTO Clientes (Cadastro, Nome, DataNasc, Telefone, Cidade, Sexo) VALUES (273, 'Marcos Barros', '1992-01-23', '(87) 90877-5322', 'Belém', 'M');
INSERT INTO Clientes (Cadastro, Nome, DataNasc, Telefone, Cidade, Sexo) VALUES (274, 'Eduardo Figueiredo', '1958-11-22', '(95) 93293-2507', 'Maceió', 'M');
INSERT INTO Clientes (Cadastro, Nome, DataNasc, Telefone, Cidade, Sexo) VALUES (275, 'Letícia Figueiredo', '1941-06-11', '(90) 98447-9138', 'Maceió', 'M');
INSERT INTO Clientes (Cadastro, Nome, DataNasc, Telefone, Cidade, Sexo) VALUES (276, 'Sérgio Pinto', '1945-05-25', '(37) 91515-7026', 'Salvador', 'F');
INSERT INTO Clientes (Cadastro, Nome, DataNasc, Telefone, Cidade, Sexo) VALUES (277, 'Cláudia Machado', '1960-06-11', '(76) 95697-4867', 'Salvador', 'M');
INSERT INTO Clientes (Cadastro, Nome, DataNasc, Telefone, Cidade, Sexo) VALUES (278, 'Patrícia Martins', '1993-08-21', '(62) 98897-3842', 'Curitiba', 'M');
INSERT INTO Clientes (Cadastro, Nome, DataNasc, Telefone, Cidade, Sexo) VALUES (279, 'Camila Santos', '1946-10-31', '(30) 94538-3576', 'Rio de Janeiro', 'M');
INSERT INTO Clientes (Cadastro, Nome, DataNasc, Telefone, Cidade, Sexo) VALUES (280, 'Renata Lima', '1998-11-11', '(31) 96079-2745', 'Fortaleza', 'F');
INSERT INTO Clientes (Cadastro, Nome, DataNasc, Telefone, Cidade, Sexo) VALUES (281, 'Felipe Teixeira', '1978-04-21', '(32) 95601-3909', 'Duque de Caxias', 'M');
INSERT INTO Clientes (Cadastro, Nome, DataNasc, Telefone, Cidade, Sexo) VALUES (282, 'Rodrigo Nascimento', '1984-01-18', '(74) 92425-7555', 'Natal', 'F');
INSERT INTO Clientes (Cadastro, Nome, DataNasc, Telefone, Cidade, Sexo) VALUES (283, 'Larissa Cardoso', '1966-12-29', '(78) 92976-8341', 'Fortaleza', 'M');
INSERT INTO Clientes (Cadastro, Nome, DataNasc, Telefone, Cidade, Sexo) VALUES (284, 'Natália Figueiredo', '1956-06-06', '(62) 94030-6458', 'Rio de Janeiro', 'M');
INSERT INTO Clientes (Cadastro, Nome, DataNasc, Telefone, Cidade, Sexo) VALUES (285, 'Vanessa Silva', '1949-11-09', '(95) 93302-4471', 'Guarulhos', 'F');
INSERT INTO Clientes (Cadastro, Nome, DataNasc, Telefone, Cidade, Sexo) VALUES (286, 'Carla Pinto', '1999-05-11', '(51) 96863-4724', 'Natal', 'M');
INSERT INTO Clientes (Cadastro, Nome, DataNasc, Telefone, Cidade, Sexo) VALUES (287, 'Vinícius Freitas', '1970-03-27', '(30) 94954-6183', 'Natal', 'M');
INSERT INTO Clientes (Cadastro, Nome, DataNasc, Telefone, Cidade, Sexo) VALUES (288, 'Cláudia Silva', '1972-03-12', '(47) 93263-7324', 'Belém', 'M');
INSERT INTO Clientes (Cadastro, Nome, DataNasc, Telefone, Cidade, Sexo) VALUES (289, 'Ricardo Mendes', '1969-07-14', '(69) 96290-2687', 'Belém', 'F');
INSERT INTO Clientes (Cadastro, Nome, DataNasc, Telefone, Cidade, Sexo) VALUES (290, 'Carlos Nascimento', '1949-03-01', '(50) 93411-6116', 'Duque de Caxias', 'M');
INSERT INTO Clientes (Cadastro, Nome, DataNasc, Telefone, Cidade, Sexo) VALUES (291, 'Patrícia Barros', '1978-12-11', '(64) 96844-7865', 'Guarulhos', 'M');
INSERT INTO Clientes (Cadastro, Nome, DataNasc, Telefone, Cidade, Sexo) VALUES (292, 'Bruno Castro', '1991-08-29', '(90) 91984-2216', 'Manaus', 'F');
INSERT INTO Clientes (Cadastro, Nome, DataNasc, Telefone, Cidade, Sexo) VALUES (293, 'Pedro Barbosa', '2000-04-18', '(42) 96274-7360', 'Campo Grande', 'M');
INSERT INTO Clientes (Cadastro, Nome, DataNasc, Telefone, Cidade, Sexo) VALUES (294, 'Aline Rodrigues', '1978-08-10', '(95) 99137-1233', 'São Paulo', 'M');
INSERT INTO Clientes (Cadastro, Nome, DataNasc, Telefone, Cidade, Sexo) VALUES (295, 'Carla Araujo', '1943-03-08', '(77) 99091-2570', 'Guarulhos', 'M');
INSERT INTO Clientes (Cadastro, Nome, DataNasc, Telefone, Cidade, Sexo) VALUES (296, 'Cláudia Ribeiro', '1963-05-02', '(87) 92766-9917', 'Duque de Caxias', 'F');
INSERT INTO Clientes (Cadastro, Nome, DataNasc, Telefone, Cidade, Sexo) VALUES (297, 'Patrícia Cavalcanti', '1997-06-10', '(82) 94319-2236', 'Campinas', 'M');
INSERT INTO Clientes (Cadastro, Nome, DataNasc, Telefone, Cidade, Sexo) VALUES (298, 'Ana Vieira', '1986-04-25', '(24) 97099-7435', 'Goiânia', 'M');
INSERT INTO Clientes (Cadastro, Nome, DataNasc, Telefone, Cidade, Sexo) VALUES (299, 'Marcos Nascimento', '1974-01-22', '(33) 93348-4406', 'Natal', 'F');
INSERT INTO Clientes (Cadastro, Nome, DataNasc, Telefone, Cidade, Sexo) VALUES (300, 'Cláudia Campos', '1976-08-05', '(46) 92230-3069', 'Curitiba', 'M');
INSERT INTO Clientes (Cadastro, Nome, DataNasc, Telefone, Cidade, Sexo) VALUES (301, 'Felipe Figueiredo', '1959-11-05', '(57) 90530-8262', 'Manaus', 'F');
INSERT INTO Clientes (Cadastro, Nome, DataNasc, Telefone, Cidade, Sexo) VALUES (302, 'Bruno Cardoso', '1962-03-14', '(31) 90941-5354', 'Manaus', 'M');
INSERT INTO Clientes (Cadastro, Nome, DataNasc, Telefone, Cidade, Sexo) VALUES (303, 'Beatriz Ribeiro', '1961-02-23', '(53) 92620-6859', 'Recife', 'F');
INSERT INTO Clientes (Cadastro, Nome, DataNasc, Telefone, Cidade, Sexo) VALUES (304, 'Rafael Silva', '1959-02-27', '(48) 96668-5668', 'Natal', 'F');
INSERT INTO Clientes (Cadastro, Nome, DataNasc, Telefone, Cidade, Sexo) VALUES (305, 'Natália Pereira', '1963-08-28', '(29) 90254-7470', 'Curitiba', 'M');
INSERT INTO Clientes (Cadastro, Nome, DataNasc, Telefone, Cidade, Sexo) VALUES (306, 'Pedro Castro', '1980-02-15', '(93) 93874-4639', 'Goiânia', 'M');
INSERT INTO Clientes (Cadastro, Nome, DataNasc, Telefone, Cidade, Sexo) VALUES (307, 'Letícia Moura', '1958-11-23', '(84) 98174-1432', 'Manaus', 'M');
INSERT INTO Clientes (Cadastro, Nome, DataNasc, Telefone, Cidade, Sexo) VALUES (308, 'Roberto Pereira', '1975-12-23', '(15) 93023-9896', 'Goiânia', 'F');
INSERT INTO Clientes (Cadastro, Nome, DataNasc, Telefone, Cidade, Sexo) VALUES (309, 'Juliana Gomes', '1973-03-20', '(21) 94969-1823', 'Recife', 'F');
INSERT INTO Clientes (Cadastro, Nome, DataNasc, Telefone, Cidade, Sexo) VALUES (310, 'Eduardo Nascimento', '1965-03-25', '(49) 96366-6699', 'Belém', 'M');
INSERT INTO Clientes (Cadastro, Nome, DataNasc, Telefone, Cidade, Sexo) VALUES (311, 'Marcos Campos', '1947-09-04', '(98) 94771-2113', 'Curitiba', 'M');
INSERT INTO Clientes (Cadastro, Nome, DataNasc, Telefone, Cidade, Sexo) VALUES (312, 'Felipe Souza', '1970-03-19', '(21) 93016-9606', 'São Gonçalo', 'F');
INSERT INTO Clientes (Cadastro, Nome, DataNasc, Telefone, Cidade, Sexo) VALUES (313, 'Gustavo Pinto', '1955-02-01', '(46) 97305-4753', 'Belém', 'M');
INSERT INTO Clientes (Cadastro, Nome, DataNasc, Telefone, Cidade, Sexo) VALUES (314, 'Ricardo Silva', '2005-09-07', '(53) 98433-3481', 'Campo Grande', 'M');
INSERT INTO Clientes (Cadastro, Nome, DataNasc, Telefone, Cidade, Sexo) VALUES (315, 'Beatriz Rodrigues', '1996-09-08', '(93) 93343-6639', 'Campo Grande', 'M');
INSERT INTO Clientes (Cadastro, Nome, DataNasc, Telefone, Cidade, Sexo) VALUES (316, 'Simone Machado', '1965-04-09', '(41) 99808-7433', 'Belo Horizonte', 'M');
INSERT INTO Clientes (Cadastro, Nome, DataNasc, Telefone, Cidade, Sexo) VALUES (317, 'Gustavo Cardoso', '1956-03-30', '(60) 93115-2959', 'Curitiba', 'F');
INSERT INTO Clientes (Cadastro, Nome, DataNasc, Telefone, Cidade, Sexo) VALUES (318, 'Simone Rodrigues', '1956-04-05', '(21) 93477-8558', 'Porto Alegre', 'M');
INSERT INTO Clientes (Cadastro, Nome, DataNasc, Telefone, Cidade, Sexo) VALUES (319, 'Larissa Barbosa', '1985-01-12', '(61) 91724-4847', 'Manaus', 'F');
INSERT INTO Clientes (Cadastro, Nome, DataNasc, Telefone, Cidade, Sexo) VALUES (320, 'Maria Barbosa', '1975-05-21', '(51) 94930-1737', 'Natal', 'F');
INSERT INTO Clientes (Cadastro, Nome, DataNasc, Telefone, Cidade, Sexo) VALUES (321, 'Pedro Cavalcanti', '1950-04-04', '(14) 99990-2344', 'Rio de Janeiro', 'M');
INSERT INTO Clientes (Cadastro, Nome, DataNasc, Telefone, Cidade, Sexo) VALUES (322, 'Natália Duarte', '1955-05-12', '(56) 91681-5579', 'Recife', 'F');
INSERT INTO Clientes (Cadastro, Nome, DataNasc, Telefone, Cidade, Sexo) VALUES (323, 'Thiago Machado', '1984-09-01', '(55) 93540-7974', 'Belo Horizonte', 'M');
INSERT INTO Clientes (Cadastro, Nome, DataNasc, Telefone, Cidade, Sexo) VALUES (324, 'Gabriela Rodrigues', '1956-04-17', '(78) 97959-5826', 'São Paulo', 'M');
INSERT INTO Clientes (Cadastro, Nome, DataNasc, Telefone, Cidade, Sexo) VALUES (325, 'Beatriz Barros', '1949-04-23', '(80) 97270-8134', 'Natal', 'F');
INSERT INTO Clientes (Cadastro, Nome, DataNasc, Telefone, Cidade, Sexo) VALUES (326, 'Renata Medeiros', '1994-09-09', '(80) 95828-4289', 'Rio de Janeiro', 'M');
INSERT INTO Clientes (Cadastro, Nome, DataNasc, Telefone, Cidade, Sexo) VALUES (327, 'Natália Nascimento', '1946-05-28', '(59) 90803-5407', 'Maceió', 'F');
INSERT INTO Clientes (Cadastro, Nome, DataNasc, Telefone, Cidade, Sexo) VALUES (328, 'Thiago Cavalcanti', '1957-12-19', '(80) 92830-6673', 'Duque de Caxias', 'M');
INSERT INTO Clientes (Cadastro, Nome, DataNasc, Telefone, Cidade, Sexo) VALUES (329, 'Bruno Santos', '1973-12-12', '(45) 98125-4292', 'Campinas', 'F');
INSERT INTO Clientes (Cadastro, Nome, DataNasc, Telefone, Cidade, Sexo) VALUES (330, 'Roberto Teixeira', '1977-04-24', '(29) 91148-6617', 'Belém', 'M');
INSERT INTO Clientes (Cadastro, Nome, DataNasc, Telefone, Cidade, Sexo) VALUES (331, 'Gustavo Freitas', '2002-11-20', '(36) 96586-4611', 'Goiânia', 'M');
INSERT INTO Clientes (Cadastro, Nome, DataNasc, Telefone, Cidade, Sexo) VALUES (332, 'André Souza', '1994-07-07', '(73) 94954-2881', 'Campinas', 'F');
INSERT INTO Clientes (Cadastro, Nome, DataNasc, Telefone, Cidade, Sexo) VALUES (333, 'Aline Pinto', '1971-09-11', '(20) 90396-3333', 'Brasília', 'M');
INSERT INTO Clientes (Cadastro, Nome, DataNasc, Telefone, Cidade, Sexo) VALUES (334, 'Natália Ferreira', '1962-08-15', '(30) 92905-1253', 'Natal', 'F');
INSERT INTO Clientes (Cadastro, Nome, DataNasc, Telefone, Cidade, Sexo) VALUES (335, 'Roberto Ribeiro', '1945-10-08', '(58) 93093-1011', 'Campo Grande', 'M');
INSERT INTO Clientes (Cadastro, Nome, DataNasc, Telefone, Cidade, Sexo) VALUES (336, 'Letícia Pinto', '1942-08-27', '(60) 91193-2060', 'Campinas', 'F');
INSERT INTO Clientes (Cadastro, Nome, DataNasc, Telefone, Cidade, Sexo) VALUES (337, 'Carlos Almeida', '1946-05-20', '(29) 90352-1722', 'Duque de Caxias', 'F');
INSERT INTO Clientes (Cadastro, Nome, DataNasc, Telefone, Cidade, Sexo) VALUES (338, 'Fernanda Monteiro', '1976-07-27', '(17) 98677-4973', 'Brasília', 'M');
INSERT INTO Clientes (Cadastro, Nome, DataNasc, Telefone, Cidade, Sexo) VALUES (339, 'Felipe Moura', '1995-03-03', '(35) 93778-8524', 'Goiânia', 'M');
INSERT INTO Clientes (Cadastro, Nome, DataNasc, Telefone, Cidade, Sexo) VALUES (340, 'André Ferreira', '2005-12-18', '(46) 99015-3817', 'Campinas', 'F');
INSERT INTO Clientes (Cadastro, Nome, DataNasc, Telefone, Cidade, Sexo) VALUES (341, 'Fernanda Souza', '1942-09-08', '(56) 91908-9346', 'Manaus', 'M');
INSERT INTO Clientes (Cadastro, Nome, DataNasc, Telefone, Cidade, Sexo) VALUES (342, 'Patrícia Araujo', '1972-02-21', '(81) 90283-5160', 'Manaus', 'M');
INSERT INTO Clientes (Cadastro, Nome, DataNasc, Telefone, Cidade, Sexo) VALUES (343, 'Carla Lima', '2000-03-23', '(88) 93891-9060', 'Recife', 'M');
INSERT INTO Clientes (Cadastro, Nome, DataNasc, Telefone, Cidade, Sexo) VALUES (344, 'Ricardo Gomes', '1995-05-14', '(32) 98569-7199', 'Guarulhos', 'M');
INSERT INTO Clientes (Cadastro, Nome, DataNasc, Telefone, Cidade, Sexo) VALUES (345, 'Paula Martins', '1979-10-16', '(80) 99563-2128', 'Porto Alegre', 'F');
INSERT INTO Clientes (Cadastro, Nome, DataNasc, Telefone, Cidade, Sexo) VALUES (346, 'Gabriela Almeida', '1967-11-26', '(95) 94447-9490', 'Belém', 'M');
INSERT INTO Clientes (Cadastro, Nome, DataNasc, Telefone, Cidade, Sexo) VALUES (347, 'Bruno Medeiros', '1965-06-03', '(82) 96882-4049', 'São Luís', 'M');
INSERT INTO Clientes (Cadastro, Nome, DataNasc, Telefone, Cidade, Sexo) VALUES (348, 'Lucas Costa', '1968-09-05', '(14) 97239-3710', 'Campo Grande', 'M');
INSERT INTO Clientes (Cadastro, Nome, DataNasc, Telefone, Cidade, Sexo) VALUES (349, 'Rodrigo Oliveira', '1984-04-06', '(33) 99795-7870', 'São Paulo', 'M');
INSERT INTO Clientes (Cadastro, Nome, DataNasc, Telefone, Cidade, Sexo) VALUES (350, 'Cláudia Nascimento', '1978-01-28', '(28) 98755-1875', 'São Gonçalo', 'M');
INSERT INTO Clientes (Cadastro, Nome, DataNasc, Telefone, Cidade, Sexo) VALUES (351, 'Ricardo Costa', '1963-05-23', '(63) 99471-6878', 'Brasília', 'M');
INSERT INTO Clientes (Cadastro, Nome, DataNasc, Telefone, Cidade, Sexo) VALUES (352, 'Fernanda Campos', '1945-12-10', '(12) 96874-7603', 'Manaus', 'F');
INSERT INTO Clientes (Cadastro, Nome, DataNasc, Telefone, Cidade, Sexo) VALUES (353, 'Cláudia Castro', '1967-07-31', '(17) 90064-6086', 'Belém', 'F');
INSERT INTO Clientes (Cadastro, Nome, DataNasc, Telefone, Cidade, Sexo) VALUES (354, 'Roberto Martins', '1987-12-05', '(94) 95733-6687', 'Rio de Janeiro', 'M');
INSERT INTO Clientes (Cadastro, Nome, DataNasc, Telefone, Cidade, Sexo) VALUES (355, 'Aline Barbosa', '1966-06-21', '(78) 92995-1298', 'Recife', 'F');
INSERT INTO Clientes (Cadastro, Nome, DataNasc, Telefone, Cidade, Sexo) VALUES (356, 'Camila Castro', '1989-02-16', '(60) 98566-2083', 'Curitiba', 'F');
INSERT INTO Clientes (Cadastro, Nome, DataNasc, Telefone, Cidade, Sexo) VALUES (357, 'Carla Castro', '1959-04-22', '(90) 92119-1991', 'Salvador', 'M');
INSERT INTO Clientes (Cadastro, Nome, DataNasc, Telefone, Cidade, Sexo) VALUES (358, 'Eduardo Rodrigues', '1977-01-15', '(30) 90869-1144', 'Curitiba', 'F');
INSERT INTO Clientes (Cadastro, Nome, DataNasc, Telefone, Cidade, Sexo) VALUES (359, 'Lucas Martins', '1971-01-27', '(37) 98896-7049', 'Natal', 'M');
INSERT INTO Clientes (Cadastro, Nome, DataNasc, Telefone, Cidade, Sexo) VALUES (360, 'João Martins', '1947-11-05', '(73) 95276-1075', 'Belém', 'F');
INSERT INTO Clientes (Cadastro, Nome, DataNasc, Telefone, Cidade, Sexo) VALUES (361, 'Eduardo Cardoso', '1958-07-31', '(26) 94700-9328', 'Campo Grande', 'F');
INSERT INTO Clientes (Cadastro, Nome, DataNasc, Telefone, Cidade, Sexo) VALUES (362, 'Natália Almeida', '2002-09-03', '(48) 95825-9184', 'Maceió', 'F');
INSERT INTO Clientes (Cadastro, Nome, DataNasc, Telefone, Cidade, Sexo) VALUES (363, 'Lucas Campos', '1985-05-04', '(36) 99373-2386', 'Campo Grande', 'M');
INSERT INTO Clientes (Cadastro, Nome, DataNasc, Telefone, Cidade, Sexo) VALUES (364, 'Patrícia Campos', '1948-08-28', '(11) 96524-9138', 'Campinas', 'F');
INSERT INTO Clientes (Cadastro, Nome, DataNasc, Telefone, Cidade, Sexo) VALUES (365, 'Pedro Moura', '1995-12-02', '(65) 97087-9813', 'São Gonçalo', 'F');
INSERT INTO Clientes (Cadastro, Nome, DataNasc, Telefone, Cidade, Sexo) VALUES (366, 'João Medeiros', '1941-06-14', '(90) 98561-9615', 'Manaus', 'M');
INSERT INTO Clientes (Cadastro, Nome, DataNasc, Telefone, Cidade, Sexo) VALUES (367, 'Rafael Cavalcanti', '1997-03-08', '(80) 96460-6505', 'Recife', 'M');
INSERT INTO Clientes (Cadastro, Nome, DataNasc, Telefone, Cidade, Sexo) VALUES (368, 'Sérgio Araujo', '1981-01-05', '(35) 91281-5795', 'Salvador', 'M');
INSERT INTO Clientes (Cadastro, Nome, DataNasc, Telefone, Cidade, Sexo) VALUES (369, 'Cláudia Souza', '1949-06-02', '(31) 95390-9885', 'Manaus', 'F');
INSERT INTO Clientes (Cadastro, Nome, DataNasc, Telefone, Cidade, Sexo) VALUES (370, 'Bruno Teixeira', '1977-06-01', '(86) 92543-4340', 'São Paulo', 'F');
INSERT INTO Clientes (Cadastro, Nome, DataNasc, Telefone, Cidade, Sexo) VALUES (371, 'Fernanda Oliveira', '1977-03-11', '(34) 97312-5631', 'Maceió', 'F');
INSERT INTO Clientes (Cadastro, Nome, DataNasc, Telefone, Cidade, Sexo) VALUES (372, 'Lucas Figueiredo', '1996-04-08', '(11) 94169-1901', 'Manaus', 'M');
INSERT INTO Clientes (Cadastro, Nome, DataNasc, Telefone, Cidade, Sexo) VALUES (373, 'Carlos Lima', '1964-01-28', '(14) 93725-9658', 'Belo Horizonte', 'M');
INSERT INTO Clientes (Cadastro, Nome, DataNasc, Telefone, Cidade, Sexo) VALUES (374, 'Vanessa Santos', '1944-03-23', '(20) 94534-7677', 'São Paulo', 'F');
INSERT INTO Clientes (Cadastro, Nome, DataNasc, Telefone, Cidade, Sexo) VALUES (375, 'Renata Silva', '1974-08-10', '(45) 96701-1460', 'Goiânia', 'M');
INSERT INTO Clientes (Cadastro, Nome, DataNasc, Telefone, Cidade, Sexo) VALUES (376, 'Pedro Ferreira', '1991-03-18', '(62) 97344-9061', 'Duque de Caxias', 'M');
INSERT INTO Clientes (Cadastro, Nome, DataNasc, Telefone, Cidade, Sexo) VALUES (377, 'Felipe Barbosa', '1954-12-11', '(93) 91764-1312', 'Manaus', 'F');
INSERT INTO Clientes (Cadastro, Nome, DataNasc, Telefone, Cidade, Sexo) VALUES (378, 'Luiz Fernandes', '1951-08-13', '(92) 98555-1228', 'Brasília', 'F');
INSERT INTO Clientes (Cadastro, Nome, DataNasc, Telefone, Cidade, Sexo) VALUES (379, 'Gabriela Vieira', '1964-04-03', '(49) 94485-7493', 'Belo Horizonte', 'F');
INSERT INTO Clientes (Cadastro, Nome, DataNasc, Telefone, Cidade, Sexo) VALUES (380, 'Maria Araujo', '1986-07-25', '(92) 92277-4598', 'São Luís', 'M');
INSERT INTO Clientes (Cadastro, Nome, DataNasc, Telefone, Cidade, Sexo) VALUES (381, 'Beatriz Ferreira', '2000-06-21', '(44) 92044-4631', 'Belo Horizonte', 'M');
INSERT INTO Clientes (Cadastro, Nome, DataNasc, Telefone, Cidade, Sexo) VALUES (382, 'Simone Lima', '2001-12-01', '(61) 97698-4393', 'Brasília', 'F');
INSERT INTO Clientes (Cadastro, Nome, DataNasc, Telefone, Cidade, Sexo) VALUES (383, 'Vanessa Oliveira', '1992-08-02', '(37) 97022-6599', 'Campinas', 'M');
INSERT INTO Clientes (Cadastro, Nome, DataNasc, Telefone, Cidade, Sexo) VALUES (384, 'Camila Mendes', '1947-09-12', '(83) 94517-3876', 'São Luís', 'M');
INSERT INTO Clientes (Cadastro, Nome, DataNasc, Telefone, Cidade, Sexo) VALUES (385, 'Carlos Costa', '1940-01-27', '(85) 98488-7527', 'Campinas', 'F');
INSERT INTO Clientes (Cadastro, Nome, DataNasc, Telefone, Cidade, Sexo) VALUES (386, 'Aline Martins', '1981-09-12', '(27) 96127-6042', 'Curitiba', 'M');
INSERT INTO Clientes (Cadastro, Nome, DataNasc, Telefone, Cidade, Sexo) VALUES (387, 'Bruno Vieira', '1955-09-25', '(25) 91880-5170', 'Belém', 'F');
INSERT INTO Clientes (Cadastro, Nome, DataNasc, Telefone, Cidade, Sexo) VALUES (388, 'Luiz Vieira', '1945-06-27', '(46) 93116-5542', 'Guarulhos', 'M');
INSERT INTO Clientes (Cadastro, Nome, DataNasc, Telefone, Cidade, Sexo) VALUES (389, 'Patrícia Monteiro', '1966-06-30', '(46) 90109-3170', 'Rio de Janeiro', 'F');
INSERT INTO Clientes (Cadastro, Nome, DataNasc, Telefone, Cidade, Sexo) VALUES (390, 'Carlos Pereira', '1968-10-21', '(75) 92837-8479', 'Brasília', 'F');
INSERT INTO Clientes (Cadastro, Nome, DataNasc, Telefone, Cidade, Sexo) VALUES (391, 'João Campos', '1996-12-11', '(40) 93021-9926', 'Campo Grande', 'F');
INSERT INTO Clientes (Cadastro, Nome, DataNasc, Telefone, Cidade, Sexo) VALUES (392, 'Marcos Teixeira', '1963-01-18', '(86) 98998-2313', 'Campo Grande', 'F');
INSERT INTO Clientes (Cadastro, Nome, DataNasc, Telefone, Cidade, Sexo) VALUES (393, 'Carla Barros', '1985-04-16', '(56) 93021-2684', 'Porto Alegre', 'F');
INSERT INTO Clientes (Cadastro, Nome, DataNasc, Telefone, Cidade, Sexo) VALUES (394, 'Lucas Cavalcanti', '1983-03-18', '(17) 98140-9927', 'São Luís', 'F');
INSERT INTO Clientes (Cadastro, Nome, DataNasc, Telefone, Cidade, Sexo) VALUES (395, 'Larissa Castro', '1966-12-04', '(28) 90099-5911', 'São Paulo', 'M');
INSERT INTO Clientes (Cadastro, Nome, DataNasc, Telefone, Cidade, Sexo) VALUES (396, 'Lucas Ribeiro', '1990-02-21', '(55) 93118-3885', 'Porto Alegre', 'F');
INSERT INTO Clientes (Cadastro, Nome, DataNasc, Telefone, Cidade, Sexo) VALUES (397, 'Fernanda Freitas', '1962-11-16', '(22) 95833-6281', 'Belém', 'M');
INSERT INTO Clientes (Cadastro, Nome, DataNasc, Telefone, Cidade, Sexo) VALUES (398, 'Beatriz Barbosa', '1975-01-15', '(26) 95285-1226', 'Curitiba', 'F');
INSERT INTO Clientes (Cadastro, Nome, DataNasc, Telefone, Cidade, Sexo) VALUES (399, 'Beatriz Moura', '1954-01-27', '(90) 99867-9794', 'São Luís', 'F');
INSERT INTO Clientes (Cadastro, Nome, DataNasc, Telefone, Cidade, Sexo) VALUES (400, 'Sérgio Teixeira', '1955-01-24', '(30) 97948-1561', 'São Luís', 'F');

INSERT INTO Servicos (NumServ, NomeServ, Valor) VALUES (1, 'Servico_1', '437.00');
INSERT INTO Servicos (NumServ, NomeServ, Valor) VALUES (2, 'Servico_2', '227.00');
INSERT INTO Servicos (NumServ, NomeServ, Valor) VALUES (3, 'Servico_3', '71.00');
INSERT INTO Servicos (NumServ, NomeServ, Valor) VALUES (4, 'Servico_4', '276.00');
INSERT INTO Servicos (NumServ, NomeServ, Valor) VALUES (5, 'Servico_5', '397.00');
INSERT INTO Servicos (NumServ, NomeServ, Valor) VALUES (6, 'Servico_6', '411.00');
INSERT INTO Servicos (NumServ, NomeServ, Valor) VALUES (7, 'Servico_7', '419.00');
INSERT INTO Servicos (NumServ, NomeServ, Valor) VALUES (8, 'Servico_8', '441.00');
INSERT INTO Servicos (NumServ, NomeServ, Valor) VALUES (9, 'Servico_9', '50.00');
INSERT INTO Servicos (NumServ, NomeServ, Valor) VALUES (10, 'Servico_10', '261.00');

INSERT INTO Utilizacoes (Ordem, Cliente, Servico) VALUES (1, 143, 5);
INSERT INTO Utilizacoes (Ordem, Cliente, Servico) VALUES (2, 80, 8);
INSERT INTO Utilizacoes (Ordem, Cliente, Servico) VALUES (3, 282, 4);
INSERT INTO Utilizacoes (Ordem, Cliente, Servico) VALUES (4, 2, 10);
INSERT INTO Utilizacoes (Ordem, Cliente, Servico) VALUES (5, 226, 7);
INSERT INTO Utilizacoes (Ordem, Cliente, Servico) VALUES (6, 232, 7);
INSERT INTO Utilizacoes (Ordem, Cliente, Servico) VALUES (7, 213, 9);
INSERT INTO Utilizacoes (Ordem, Cliente, Servico) VALUES (8, 71, 1);
INSERT INTO Utilizacoes (Ordem, Cliente, Servico) VALUES (9, 31, 5);
INSERT INTO Utilizacoes (Ordem, Cliente, Servico) VALUES (10, 205, 8);
INSERT INTO Utilizacoes (Ordem, Cliente, Servico) VALUES (11, 247, 10);
INSERT INTO Utilizacoes (Ordem, Cliente, Servico) VALUES (12, 76, 2);
INSERT INTO Utilizacoes (Ordem, Cliente, Servico) VALUES (13, 285, 5);
INSERT INTO Utilizacoes (Ordem, Cliente, Servico) VALUES (14, 400, 7);
INSERT INTO Utilizacoes (Ordem, Cliente, Servico) VALUES (15, 294, 2);
INSERT INTO Utilizacoes (Ordem, Cliente, Servico) VALUES (16, 304, 9);
INSERT INTO Utilizacoes (Ordem, Cliente, Servico) VALUES (17, 299, 6);
INSERT INTO Utilizacoes (Ordem, Cliente, Servico) VALUES (18, 133, 8);
INSERT INTO Utilizacoes (Ordem, Cliente, Servico) VALUES (19, 355, 8);
INSERT INTO Utilizacoes (Ordem, Cliente, Servico) VALUES (20, 304, 2);
INSERT INTO Utilizacoes (Ordem, Cliente, Servico) VALUES (21, 393, 4);
INSERT INTO Utilizacoes (Ordem, Cliente, Servico) VALUES (22, 266, 1);
INSERT INTO Utilizacoes (Ordem, Cliente, Servico) VALUES (23, 328, 7);
INSERT INTO Utilizacoes (Ordem, Cliente, Servico) VALUES (24, 99, 3);
INSERT INTO Utilizacoes (Ordem, Cliente, Servico) VALUES (25, 134, 10);
INSERT INTO Utilizacoes (Ordem, Cliente, Servico) VALUES (26, 35, 9);
INSERT INTO Utilizacoes (Ordem, Cliente, Servico) VALUES (27, 7, 5);
INSERT INTO Utilizacoes (Ordem, Cliente, Servico) VALUES (28, 285, 6);
INSERT INTO Utilizacoes (Ordem, Cliente, Servico) VALUES (29, 124, 3);
INSERT INTO Utilizacoes (Ordem, Cliente, Servico) VALUES (30, 67, 10);
INSERT INTO Utilizacoes (Ordem, Cliente, Servico) VALUES (31, 180, 4);
INSERT INTO Utilizacoes (Ordem, Cliente, Servico) VALUES (32, 29, 1);
INSERT INTO Utilizacoes (Ordem, Cliente, Servico) VALUES (33, 123, 5);
INSERT INTO Utilizacoes (Ordem, Cliente, Servico) VALUES (34, 113, 6);
INSERT INTO Utilizacoes (Ordem, Cliente, Servico) VALUES (35, 155, 3);
INSERT INTO Utilizacoes (Ordem, Cliente, Servico) VALUES (36, 4, 7);
INSERT INTO Utilizacoes (Ordem, Cliente, Servico) VALUES (37, 130, 4);
INSERT INTO Utilizacoes (Ordem, Cliente, Servico) VALUES (38, 54, 9);
INSERT INTO Utilizacoes (Ordem, Cliente, Servico) VALUES (39, 287, 3);
INSERT INTO Utilizacoes (Ordem, Cliente, Servico) VALUES (40, 218, 8);
INSERT INTO Utilizacoes (Ordem, Cliente, Servico) VALUES (41, 51, 3);
INSERT INTO Utilizacoes (Ordem, Cliente, Servico) VALUES (42, 289, 10);
INSERT INTO Utilizacoes (Ordem, Cliente, Servico) VALUES (43, 274, 9);
INSERT INTO Utilizacoes (Ordem, Cliente, Servico) VALUES (44, 209, 8);
INSERT INTO Utilizacoes (Ordem, Cliente, Servico) VALUES (45, 194, 1);
INSERT INTO Utilizacoes (Ordem, Cliente, Servico) VALUES (46, 80, 8);
INSERT INTO Utilizacoes (Ordem, Cliente, Servico) VALUES (47, 124, 9);
INSERT INTO Utilizacoes (Ordem, Cliente, Servico) VALUES (48, 99, 6);
INSERT INTO Utilizacoes (Ordem, Cliente, Servico) VALUES (49, 222, 5);
INSERT INTO Utilizacoes (Ordem, Cliente, Servico) VALUES (50, 87, 6);
INSERT INTO Utilizacoes (Ordem, Cliente, Servico) VALUES (51, 264, 7);
INSERT INTO Utilizacoes (Ordem, Cliente, Servico) VALUES (52, 29, 6);
INSERT INTO Utilizacoes (Ordem, Cliente, Servico) VALUES (53, 38, 6);
INSERT INTO Utilizacoes (Ordem, Cliente, Servico) VALUES (54, 234, 1);
INSERT INTO Utilizacoes (Ordem, Cliente, Servico) VALUES (55, 377, 7);
INSERT INTO Utilizacoes (Ordem, Cliente, Servico) VALUES (56, 292, 2);
INSERT INTO Utilizacoes (Ordem, Cliente, Servico) VALUES (57, 35, 10);
INSERT INTO Utilizacoes (Ordem, Cliente, Servico) VALUES (58, 2, 2);
INSERT INTO Utilizacoes (Ordem, Cliente, Servico) VALUES (59, 327, 6);
INSERT INTO Utilizacoes (Ordem, Cliente, Servico) VALUES (60, 48, 8);
INSERT INTO Utilizacoes (Ordem, Cliente, Servico) VALUES (61, 349, 3);
INSERT INTO Utilizacoes (Ordem, Cliente, Servico) VALUES (62, 120, 3);
INSERT INTO Utilizacoes (Ordem, Cliente, Servico) VALUES (63, 144, 3);
INSERT INTO Utilizacoes (Ordem, Cliente, Servico) VALUES (64, 275, 9);
INSERT INTO Utilizacoes (Ordem, Cliente, Servico) VALUES (65, 342, 4);
INSERT INTO Utilizacoes (Ordem, Cliente, Servico) VALUES (66, 308, 9);
INSERT INTO Utilizacoes (Ordem, Cliente, Servico) VALUES (67, 258, 10);
INSERT INTO Utilizacoes (Ordem, Cliente, Servico) VALUES (68, 206, 7);
INSERT INTO Utilizacoes (Ordem, Cliente, Servico) VALUES (69, 344, 10);
INSERT INTO Utilizacoes (Ordem, Cliente, Servico) VALUES (70, 180, 1);
INSERT INTO Utilizacoes (Ordem, Cliente, Servico) VALUES (71, 51, 9);
INSERT INTO Utilizacoes (Ordem, Cliente, Servico) VALUES (72, 226, 7);
INSERT INTO Utilizacoes (Ordem, Cliente, Servico) VALUES (73, 358, 5);
INSERT INTO Utilizacoes (Ordem, Cliente, Servico) VALUES (74, 271, 10);
INSERT INTO Utilizacoes (Ordem, Cliente, Servico) VALUES (75, 93, 1);
INSERT INTO Utilizacoes (Ordem, Cliente, Servico) VALUES (76, 103, 5);
INSERT INTO Utilizacoes (Ordem, Cliente, Servico) VALUES (77, 183, 8);
INSERT INTO Utilizacoes (Ordem, Cliente, Servico) VALUES (78, 80, 7);
INSERT INTO Utilizacoes (Ordem, Cliente, Servico) VALUES (79, 264, 2);
INSERT INTO Utilizacoes (Ordem, Cliente, Servico) VALUES (80, 41, 7);
INSERT INTO Utilizacoes (Ordem, Cliente, Servico) VALUES (81, 104, 8);
INSERT INTO Utilizacoes (Ordem, Cliente, Servico) VALUES (82, 342, 4);
INSERT INTO Utilizacoes (Ordem, Cliente, Servico) VALUES (83, 316, 6);
INSERT INTO Utilizacoes (Ordem, Cliente, Servico) VALUES (84, 33, 1);
INSERT INTO Utilizacoes (Ordem, Cliente, Servico) VALUES (85, 185, 2);
INSERT INTO Utilizacoes (Ordem, Cliente, Servico) VALUES (86, 252, 9);
INSERT INTO Utilizacoes (Ordem, Cliente, Servico) VALUES (87, 56, 7);
INSERT INTO Utilizacoes (Ordem, Cliente, Servico) VALUES (88, 28, 10);
INSERT INTO Utilizacoes (Ordem, Cliente, Servico) VALUES (89, 92, 2);
INSERT INTO Utilizacoes (Ordem, Cliente, Servico) VALUES (90, 349, 10);
INSERT INTO Utilizacoes (Ordem, Cliente, Servico) VALUES (91, 265, 7);
INSERT INTO Utilizacoes (Ordem, Cliente, Servico) VALUES (92, 130, 3);
INSERT INTO Utilizacoes (Ordem, Cliente, Servico) VALUES (93, 351, 9);
INSERT INTO Utilizacoes (Ordem, Cliente, Servico) VALUES (94, 270, 2);
INSERT INTO Utilizacoes (Ordem, Cliente, Servico) VALUES (95, 383, 4);
INSERT INTO Utilizacoes (Ordem, Cliente, Servico) VALUES (96, 105, 5);
INSERT INTO Utilizacoes (Ordem, Cliente, Servico) VALUES (97, 72, 1);
INSERT INTO Utilizacoes (Ordem, Cliente, Servico) VALUES (98, 167, 4);
INSERT INTO Utilizacoes (Ordem, Cliente, Servico) VALUES (99, 222, 8);
INSERT INTO Utilizacoes (Ordem, Cliente, Servico) VALUES (100, 252, 4);
INSERT INTO Utilizacoes (Ordem, Cliente, Servico) VALUES (101, 165, 5);
INSERT INTO Utilizacoes (Ordem, Cliente, Servico) VALUES (102, 326, 3);
INSERT INTO Utilizacoes (Ordem, Cliente, Servico) VALUES (103, 258, 1);
INSERT INTO Utilizacoes (Ordem, Cliente, Servico) VALUES (104, 83, 9);
INSERT INTO Utilizacoes (Ordem, Cliente, Servico) VALUES (105, 390, 8);
INSERT INTO Utilizacoes (Ordem, Cliente, Servico) VALUES (106, 391, 4);
INSERT INTO Utilizacoes (Ordem, Cliente, Servico) VALUES (107, 341, 4);
INSERT INTO Utilizacoes (Ordem, Cliente, Servico) VALUES (108, 314, 8);
INSERT INTO Utilizacoes (Ordem, Cliente, Servico) VALUES (109, 87, 7);
INSERT INTO Utilizacoes (Ordem, Cliente, Servico) VALUES (110, 122, 3);
INSERT INTO Utilizacoes (Ordem, Cliente, Servico) VALUES (111, 322, 9);
INSERT INTO Utilizacoes (Ordem, Cliente, Servico) VALUES (112, 54, 4);
INSERT INTO Utilizacoes (Ordem, Cliente, Servico) VALUES (113, 283, 4);
INSERT INTO Utilizacoes (Ordem, Cliente, Servico) VALUES (114, 60, 5);
INSERT INTO Utilizacoes (Ordem, Cliente, Servico) VALUES (115, 377, 1);
INSERT INTO Utilizacoes (Ordem, Cliente, Servico) VALUES (116, 220, 1);
INSERT INTO Utilizacoes (Ordem, Cliente, Servico) VALUES (117, 248, 3);
INSERT INTO Utilizacoes (Ordem, Cliente, Servico) VALUES (118, 361, 8);
INSERT INTO Utilizacoes (Ordem, Cliente, Servico) VALUES (119, 150, 7);
INSERT INTO Utilizacoes (Ordem, Cliente, Servico) VALUES (120, 187, 6);
INSERT INTO Utilizacoes (Ordem, Cliente, Servico) VALUES (121, 307, 5);
INSERT INTO Utilizacoes (Ordem, Cliente, Servico) VALUES (122, 119, 2);
INSERT INTO Utilizacoes (Ordem, Cliente, Servico) VALUES (123, 341, 7);
INSERT INTO Utilizacoes (Ordem, Cliente, Servico) VALUES (124, 205, 7);
INSERT INTO Utilizacoes (Ordem, Cliente, Servico) VALUES (125, 258, 1);
INSERT INTO Utilizacoes (Ordem, Cliente, Servico) VALUES (126, 5, 10);
INSERT INTO Utilizacoes (Ordem, Cliente, Servico) VALUES (127, 203, 7);
INSERT INTO Utilizacoes (Ordem, Cliente, Servico) VALUES (128, 27, 5);
INSERT INTO Utilizacoes (Ordem, Cliente, Servico) VALUES (129, 144, 6);
INSERT INTO Utilizacoes (Ordem, Cliente, Servico) VALUES (130, 86, 5);
INSERT INTO Utilizacoes (Ordem, Cliente, Servico) VALUES (131, 138, 7);
INSERT INTO Utilizacoes (Ordem, Cliente, Servico) VALUES (132, 295, 1);
INSERT INTO Utilizacoes (Ordem, Cliente, Servico) VALUES (133, 393, 5);
INSERT INTO Utilizacoes (Ordem, Cliente, Servico) VALUES (134, 239, 7);
INSERT INTO Utilizacoes (Ordem, Cliente, Servico) VALUES (135, 131, 4);
INSERT INTO Utilizacoes (Ordem, Cliente, Servico) VALUES (136, 303, 7);
INSERT INTO Utilizacoes (Ordem, Cliente, Servico) VALUES (137, 353, 6);
INSERT INTO Utilizacoes (Ordem, Cliente, Servico) VALUES (138, 97, 4);
INSERT INTO Utilizacoes (Ordem, Cliente, Servico) VALUES (139, 114, 4);
INSERT INTO Utilizacoes (Ordem, Cliente, Servico) VALUES (140, 257, 2);
INSERT INTO Utilizacoes (Ordem, Cliente, Servico) VALUES (141, 366, 9);
INSERT INTO Utilizacoes (Ordem, Cliente, Servico) VALUES (142, 1, 7);
INSERT INTO Utilizacoes (Ordem, Cliente, Servico) VALUES (143, 101, 9);
INSERT INTO Utilizacoes (Ordem, Cliente, Servico) VALUES (144, 147, 9);
INSERT INTO Utilizacoes (Ordem, Cliente, Servico) VALUES (145, 73, 7);
INSERT INTO Utilizacoes (Ordem, Cliente, Servico) VALUES (146, 368, 1);
INSERT INTO Utilizacoes (Ordem, Cliente, Servico) VALUES (147, 184, 10);
INSERT INTO Utilizacoes (Ordem, Cliente, Servico) VALUES (148, 155, 1);
INSERT INTO Utilizacoes (Ordem, Cliente, Servico) VALUES (149, 323, 4);
INSERT INTO Utilizacoes (Ordem, Cliente, Servico) VALUES (150, 326, 5);
INSERT INTO Utilizacoes (Ordem, Cliente, Servico) VALUES (151, 169, 2);
INSERT INTO Utilizacoes (Ordem, Cliente, Servico) VALUES (152, 201, 10);
INSERT INTO Utilizacoes (Ordem, Cliente, Servico) VALUES (153, 132, 6);
INSERT INTO Utilizacoes (Ordem, Cliente, Servico) VALUES (154, 59, 5);
INSERT INTO Utilizacoes (Ordem, Cliente, Servico) VALUES (155, 232, 4);
INSERT INTO Utilizacoes (Ordem, Cliente, Servico) VALUES (156, 241, 6);
INSERT INTO Utilizacoes (Ordem, Cliente, Servico) VALUES (157, 3, 6);
INSERT INTO Utilizacoes (Ordem, Cliente, Servico) VALUES (158, 6, 3);
INSERT INTO Utilizacoes (Ordem, Cliente, Servico) VALUES (159, 70, 6);
INSERT INTO Utilizacoes (Ordem, Cliente, Servico) VALUES (160, 188, 8);
INSERT INTO Utilizacoes (Ordem, Cliente, Servico) VALUES (161, 106, 8);
INSERT INTO Utilizacoes (Ordem, Cliente, Servico) VALUES (162, 229, 6);
INSERT INTO Utilizacoes (Ordem, Cliente, Servico) VALUES (163, 132, 7);
INSERT INTO Utilizacoes (Ordem, Cliente, Servico) VALUES (164, 102, 7);
INSERT INTO Utilizacoes (Ordem, Cliente, Servico) VALUES (165, 250, 2);
INSERT INTO Utilizacoes (Ordem, Cliente, Servico) VALUES (166, 141, 2);
INSERT INTO Utilizacoes (Ordem, Cliente, Servico) VALUES (167, 141, 5);
INSERT INTO Utilizacoes (Ordem, Cliente, Servico) VALUES (168, 351, 2);
INSERT INTO Utilizacoes (Ordem, Cliente, Servico) VALUES (169, 97, 5);
INSERT INTO Utilizacoes (Ordem, Cliente, Servico) VALUES (170, 399, 4);
INSERT INTO Utilizacoes (Ordem, Cliente, Servico) VALUES (171, 362, 10);
INSERT INTO Utilizacoes (Ordem, Cliente, Servico) VALUES (172, 168, 10);
INSERT INTO Utilizacoes (Ordem, Cliente, Servico) VALUES (173, 119, 2);
INSERT INTO Utilizacoes (Ordem, Cliente, Servico) VALUES (174, 253, 6);
INSERT INTO Utilizacoes (Ordem, Cliente, Servico) VALUES (175, 48, 8);
INSERT INTO Utilizacoes (Ordem, Cliente, Servico) VALUES (176, 159, 5);
INSERT INTO Utilizacoes (Ordem, Cliente, Servico) VALUES (177, 355, 9);
INSERT INTO Utilizacoes (Ordem, Cliente, Servico) VALUES (178, 58, 6);
INSERT INTO Utilizacoes (Ordem, Cliente, Servico) VALUES (179, 213, 3);
INSERT INTO Utilizacoes (Ordem, Cliente, Servico) VALUES (180, 289, 10);
INSERT INTO Utilizacoes (Ordem, Cliente, Servico) VALUES (181, 334, 6);
INSERT INTO Utilizacoes (Ordem, Cliente, Servico) VALUES (182, 69, 6);
INSERT INTO Utilizacoes (Ordem, Cliente, Servico) VALUES (183, 110, 1);
INSERT INTO Utilizacoes (Ordem, Cliente, Servico) VALUES (184, 295, 9);
INSERT INTO Utilizacoes (Ordem, Cliente, Servico) VALUES (185, 362, 3);
INSERT INTO Utilizacoes (Ordem, Cliente, Servico) VALUES (186, 202, 7);
INSERT INTO Utilizacoes (Ordem, Cliente, Servico) VALUES (187, 98, 9);
INSERT INTO Utilizacoes (Ordem, Cliente, Servico) VALUES (188, 12, 2);
INSERT INTO Utilizacoes (Ordem, Cliente, Servico) VALUES (189, 290, 6);
INSERT INTO Utilizacoes (Ordem, Cliente, Servico) VALUES (190, 11, 6);
INSERT INTO Utilizacoes (Ordem, Cliente, Servico) VALUES (191, 212, 7);
INSERT INTO Utilizacoes (Ordem, Cliente, Servico) VALUES (192, 96, 2);
INSERT INTO Utilizacoes (Ordem, Cliente, Servico) VALUES (193, 235, 3);
INSERT INTO Utilizacoes (Ordem, Cliente, Servico) VALUES (194, 7, 7);
INSERT INTO Utilizacoes (Ordem, Cliente, Servico) VALUES (195, 341, 6);
INSERT INTO Utilizacoes (Ordem, Cliente, Servico) VALUES (196, 31, 3);
INSERT INTO Utilizacoes (Ordem, Cliente, Servico) VALUES (197, 325, 8);
INSERT INTO Utilizacoes (Ordem, Cliente, Servico) VALUES (198, 202, 9);
INSERT INTO Utilizacoes (Ordem, Cliente, Servico) VALUES (199, 269, 2);
INSERT INTO Utilizacoes (Ordem, Cliente, Servico) VALUES (200, 288, 6);
INSERT INTO Utilizacoes (Ordem, Cliente, Servico) VALUES (201, 271, 7);
INSERT INTO Utilizacoes (Ordem, Cliente, Servico) VALUES (202, 225, 1);
INSERT INTO Utilizacoes (Ordem, Cliente, Servico) VALUES (203, 322, 5);
INSERT INTO Utilizacoes (Ordem, Cliente, Servico) VALUES (204, 80, 9);
INSERT INTO Utilizacoes (Ordem, Cliente, Servico) VALUES (205, 280, 9);
INSERT INTO Utilizacoes (Ordem, Cliente, Servico) VALUES (206, 113, 10);
INSERT INTO Utilizacoes (Ordem, Cliente, Servico) VALUES (207, 370, 4);
INSERT INTO Utilizacoes (Ordem, Cliente, Servico) VALUES (208, 382, 2);
INSERT INTO Utilizacoes (Ordem, Cliente, Servico) VALUES (209, 267, 3);
INSERT INTO Utilizacoes (Ordem, Cliente, Servico) VALUES (210, 177, 7);
INSERT INTO Utilizacoes (Ordem, Cliente, Servico) VALUES (211, 7, 5);
INSERT INTO Utilizacoes (Ordem, Cliente, Servico) VALUES (212, 246, 8);
INSERT INTO Utilizacoes (Ordem, Cliente, Servico) VALUES (213, 145, 6);
INSERT INTO Utilizacoes (Ordem, Cliente, Servico) VALUES (214, 359, 3);
INSERT INTO Utilizacoes (Ordem, Cliente, Servico) VALUES (215, 277, 3);
INSERT INTO Utilizacoes (Ordem, Cliente, Servico) VALUES (216, 229, 2);
INSERT INTO Utilizacoes (Ordem, Cliente, Servico) VALUES (217, 171, 9);
INSERT INTO Utilizacoes (Ordem, Cliente, Servico) VALUES (218, 337, 1);
INSERT INTO Utilizacoes (Ordem, Cliente, Servico) VALUES (219, 363, 8);
INSERT INTO Utilizacoes (Ordem, Cliente, Servico) VALUES (220, 363, 9);
INSERT INTO Utilizacoes (Ordem, Cliente, Servico) VALUES (221, 86, 7);
INSERT INTO Utilizacoes (Ordem, Cliente, Servico) VALUES (222, 357, 10);
INSERT INTO Utilizacoes (Ordem, Cliente, Servico) VALUES (223, 142, 6);
INSERT INTO Utilizacoes (Ordem, Cliente, Servico) VALUES (224, 131, 7);
INSERT INTO Utilizacoes (Ordem, Cliente, Servico) VALUES (225, 48, 4);
INSERT INTO Utilizacoes (Ordem, Cliente, Servico) VALUES (226, 208, 8);
INSERT INTO Utilizacoes (Ordem, Cliente, Servico) VALUES (227, 186, 4);
INSERT INTO Utilizacoes (Ordem, Cliente, Servico) VALUES (228, 199, 1);
INSERT INTO Utilizacoes (Ordem, Cliente, Servico) VALUES (229, 317, 8);
INSERT INTO Utilizacoes (Ordem, Cliente, Servico) VALUES (230, 216, 5);
INSERT INTO Utilizacoes (Ordem, Cliente, Servico) VALUES (231, 61, 1);
INSERT INTO Utilizacoes (Ordem, Cliente, Servico) VALUES (232, 168, 5);
INSERT INTO Utilizacoes (Ordem, Cliente, Servico) VALUES (233, 8, 4);
INSERT INTO Utilizacoes (Ordem, Cliente, Servico) VALUES (234, 380, 8);
INSERT INTO Utilizacoes (Ordem, Cliente, Servico) VALUES (235, 17, 4);
INSERT INTO Utilizacoes (Ordem, Cliente, Servico) VALUES (236, 393, 2);
INSERT INTO Utilizacoes (Ordem, Cliente, Servico) VALUES (237, 337, 2);
INSERT INTO Utilizacoes (Ordem, Cliente, Servico) VALUES (238, 176, 4);
INSERT INTO Utilizacoes (Ordem, Cliente, Servico) VALUES (239, 374, 3);
INSERT INTO Utilizacoes (Ordem, Cliente, Servico) VALUES (240, 141, 1);
INSERT INTO Utilizacoes (Ordem, Cliente, Servico) VALUES (241, 397, 8);
INSERT INTO Utilizacoes (Ordem, Cliente, Servico) VALUES (242, 306, 4);
INSERT INTO Utilizacoes (Ordem, Cliente, Servico) VALUES (243, 355, 2);
INSERT INTO Utilizacoes (Ordem, Cliente, Servico) VALUES (244, 148, 1);
INSERT INTO Utilizacoes (Ordem, Cliente, Servico) VALUES (245, 364, 5);
INSERT INTO Utilizacoes (Ordem, Cliente, Servico) VALUES (246, 122, 10);
INSERT INTO Utilizacoes (Ordem, Cliente, Servico) VALUES (247, 355, 6);
INSERT INTO Utilizacoes (Ordem, Cliente, Servico) VALUES (248, 297, 1);
INSERT INTO Utilizacoes (Ordem, Cliente, Servico) VALUES (249, 275, 9);
INSERT INTO Utilizacoes (Ordem, Cliente, Servico) VALUES (250, 73, 9);
INSERT INTO Utilizacoes (Ordem, Cliente, Servico) VALUES (251, 296, 3);
INSERT INTO Utilizacoes (Ordem, Cliente, Servico) VALUES (252, 350, 9);
INSERT INTO Utilizacoes (Ordem, Cliente, Servico) VALUES (253, 55, 9);
INSERT INTO Utilizacoes (Ordem, Cliente, Servico) VALUES (254, 39, 5);
INSERT INTO Utilizacoes (Ordem, Cliente, Servico) VALUES (255, 269, 9);
INSERT INTO Utilizacoes (Ordem, Cliente, Servico) VALUES (256, 398, 1);
INSERT INTO Utilizacoes (Ordem, Cliente, Servico) VALUES (257, 274, 7);
INSERT INTO Utilizacoes (Ordem, Cliente, Servico) VALUES (258, 40, 7);
INSERT INTO Utilizacoes (Ordem, Cliente, Servico) VALUES (259, 145, 7);
INSERT INTO Utilizacoes (Ordem, Cliente, Servico) VALUES (260, 324, 6);
INSERT INTO Utilizacoes (Ordem, Cliente, Servico) VALUES (261, 237, 7);
INSERT INTO Utilizacoes (Ordem, Cliente, Servico) VALUES (262, 287, 6);
INSERT INTO Utilizacoes (Ordem, Cliente, Servico) VALUES (263, 126, 10);
INSERT INTO Utilizacoes (Ordem, Cliente, Servico) VALUES (264, 399, 6);
INSERT INTO Utilizacoes (Ordem, Cliente, Servico) VALUES (265, 294, 9);
INSERT INTO Utilizacoes (Ordem, Cliente, Servico) VALUES (266, 382, 4);
INSERT INTO Utilizacoes (Ordem, Cliente, Servico) VALUES (267, 388, 1);
INSERT INTO Utilizacoes (Ordem, Cliente, Servico) VALUES (268, 238, 3);
INSERT INTO Utilizacoes (Ordem, Cliente, Servico) VALUES (269, 33, 10);
INSERT INTO Utilizacoes (Ordem, Cliente, Servico) VALUES (270, 67, 3);
INSERT INTO Utilizacoes (Ordem, Cliente, Servico) VALUES (271, 275, 5);
INSERT INTO Utilizacoes (Ordem, Cliente, Servico) VALUES (272, 244, 2);
INSERT INTO Utilizacoes (Ordem, Cliente, Servico) VALUES (273, 162, 10);
INSERT INTO Utilizacoes (Ordem, Cliente, Servico) VALUES (274, 321, 2);
INSERT INTO Utilizacoes (Ordem, Cliente, Servico) VALUES (275, 152, 4);
INSERT INTO Utilizacoes (Ordem, Cliente, Servico) VALUES (276, 163, 2);
INSERT INTO Utilizacoes (Ordem, Cliente, Servico) VALUES (277, 235, 10);
INSERT INTO Utilizacoes (Ordem, Cliente, Servico) VALUES (278, 205, 8);
INSERT INTO Utilizacoes (Ordem, Cliente, Servico) VALUES (279, 311, 5);
INSERT INTO Utilizacoes (Ordem, Cliente, Servico) VALUES (280, 191, 5);
INSERT INTO Utilizacoes (Ordem, Cliente, Servico) VALUES (281, 108, 3);
INSERT INTO Utilizacoes (Ordem, Cliente, Servico) VALUES (282, 128, 5);
INSERT INTO Utilizacoes (Ordem, Cliente, Servico) VALUES (283, 204, 10);
INSERT INTO Utilizacoes (Ordem, Cliente, Servico) VALUES (284, 312, 4);
INSERT INTO Utilizacoes (Ordem, Cliente, Servico) VALUES (285, 3, 2);
INSERT INTO Utilizacoes (Ordem, Cliente, Servico) VALUES (286, 11, 3);
INSERT INTO Utilizacoes (Ordem, Cliente, Servico) VALUES (287, 278, 9);
INSERT INTO Utilizacoes (Ordem, Cliente, Servico) VALUES (288, 139, 2);
INSERT INTO Utilizacoes (Ordem, Cliente, Servico) VALUES (289, 343, 2);
INSERT INTO Utilizacoes (Ordem, Cliente, Servico) VALUES (290, 13, 5);
INSERT INTO Utilizacoes (Ordem, Cliente, Servico) VALUES (291, 246, 10);
INSERT INTO Utilizacoes (Ordem, Cliente, Servico) VALUES (292, 55, 7);
INSERT INTO Utilizacoes (Ordem, Cliente, Servico) VALUES (293, 306, 4);
INSERT INTO Utilizacoes (Ordem, Cliente, Servico) VALUES (294, 332, 1);
INSERT INTO Utilizacoes (Ordem, Cliente, Servico) VALUES (295, 116, 10);
INSERT INTO Utilizacoes (Ordem, Cliente, Servico) VALUES (296, 64, 9);
INSERT INTO Utilizacoes (Ordem, Cliente, Servico) VALUES (297, 343, 4);
INSERT INTO Utilizacoes (Ordem, Cliente, Servico) VALUES (298, 6, 8);
INSERT INTO Utilizacoes (Ordem, Cliente, Servico) VALUES (299, 264, 3);
INSERT INTO Utilizacoes (Ordem, Cliente, Servico) VALUES (300, 206, 3);
INSERT INTO Utilizacoes (Ordem, Cliente, Servico) VALUES (301, 354, 6);
INSERT INTO Utilizacoes (Ordem, Cliente, Servico) VALUES (302, 225, 5);
INSERT INTO Utilizacoes (Ordem, Cliente, Servico) VALUES (303, 248, 3);
INSERT INTO Utilizacoes (Ordem, Cliente, Servico) VALUES (304, 186, 1);
INSERT INTO Utilizacoes (Ordem, Cliente, Servico) VALUES (305, 325, 10);
INSERT INTO Utilizacoes (Ordem, Cliente, Servico) VALUES (306, 197, 5);
INSERT INTO Utilizacoes (Ordem, Cliente, Servico) VALUES (307, 39, 10);
INSERT INTO Utilizacoes (Ordem, Cliente, Servico) VALUES (308, 209, 3);
INSERT INTO Utilizacoes (Ordem, Cliente, Servico) VALUES (309, 121, 9);
INSERT INTO Utilizacoes (Ordem, Cliente, Servico) VALUES (310, 182, 3);
INSERT INTO Utilizacoes (Ordem, Cliente, Servico) VALUES (311, 111, 8);
INSERT INTO Utilizacoes (Ordem, Cliente, Servico) VALUES (312, 200, 9);
INSERT INTO Utilizacoes (Ordem, Cliente, Servico) VALUES (313, 55, 5);
INSERT INTO Utilizacoes (Ordem, Cliente, Servico) VALUES (314, 289, 1);
INSERT INTO Utilizacoes (Ordem, Cliente, Servico) VALUES (315, 300, 10);
INSERT INTO Utilizacoes (Ordem, Cliente, Servico) VALUES (316, 350, 6);
INSERT INTO Utilizacoes (Ordem, Cliente, Servico) VALUES (317, 75, 7);
INSERT INTO Utilizacoes (Ordem, Cliente, Servico) VALUES (318, 357, 10);
INSERT INTO Utilizacoes (Ordem, Cliente, Servico) VALUES (319, 165, 9);
INSERT INTO Utilizacoes (Ordem, Cliente, Servico) VALUES (320, 43, 3);
INSERT INTO Utilizacoes (Ordem, Cliente, Servico) VALUES (321, 101, 10);
INSERT INTO Utilizacoes (Ordem, Cliente, Servico) VALUES (322, 29, 5);
INSERT INTO Utilizacoes (Ordem, Cliente, Servico) VALUES (323, 38, 1);
INSERT INTO Utilizacoes (Ordem, Cliente, Servico) VALUES (324, 365, 5);
INSERT INTO Utilizacoes (Ordem, Cliente, Servico) VALUES (325, 325, 10);
INSERT INTO Utilizacoes (Ordem, Cliente, Servico) VALUES (326, 228, 5);
INSERT INTO Utilizacoes (Ordem, Cliente, Servico) VALUES (327, 77, 10);
INSERT INTO Utilizacoes (Ordem, Cliente, Servico) VALUES (328, 118, 9);
INSERT INTO Utilizacoes (Ordem, Cliente, Servico) VALUES (329, 25, 7);
INSERT INTO Utilizacoes (Ordem, Cliente, Servico) VALUES (330, 105, 2);
INSERT INTO Utilizacoes (Ordem, Cliente, Servico) VALUES (331, 228, 2);
INSERT INTO Utilizacoes (Ordem, Cliente, Servico) VALUES (332, 296, 5);
INSERT INTO Utilizacoes (Ordem, Cliente, Servico) VALUES (333, 33, 5);
INSERT INTO Utilizacoes (Ordem, Cliente, Servico) VALUES (334, 139, 3);
INSERT INTO Utilizacoes (Ordem, Cliente, Servico) VALUES (335, 231, 6);
INSERT INTO Utilizacoes (Ordem, Cliente, Servico) VALUES (336, 326, 9);
INSERT INTO Utilizacoes (Ordem, Cliente, Servico) VALUES (337, 202, 7);
INSERT INTO Utilizacoes (Ordem, Cliente, Servico) VALUES (338, 365, 8);
INSERT INTO Utilizacoes (Ordem, Cliente, Servico) VALUES (339, 214, 4);
INSERT INTO Utilizacoes (Ordem, Cliente, Servico) VALUES (340, 263, 5);
INSERT INTO Utilizacoes (Ordem, Cliente, Servico) VALUES (341, 351, 3);
INSERT INTO Utilizacoes (Ordem, Cliente, Servico) VALUES (342, 170, 4);
INSERT INTO Utilizacoes (Ordem, Cliente, Servico) VALUES (343, 18, 8);
INSERT INTO Utilizacoes (Ordem, Cliente, Servico) VALUES (344, 359, 8);
INSERT INTO Utilizacoes (Ordem, Cliente, Servico) VALUES (345, 127, 4);
INSERT INTO Utilizacoes (Ordem, Cliente, Servico) VALUES (346, 152, 1);
INSERT INTO Utilizacoes (Ordem, Cliente, Servico) VALUES (347, 91, 6);
INSERT INTO Utilizacoes (Ordem, Cliente, Servico) VALUES (348, 344, 1);
INSERT INTO Utilizacoes (Ordem, Cliente, Servico) VALUES (349, 251, 1);
INSERT INTO Utilizacoes (Ordem, Cliente, Servico) VALUES (350, 163, 9);
INSERT INTO Utilizacoes (Ordem, Cliente, Servico) VALUES (351, 314, 4);
INSERT INTO Utilizacoes (Ordem, Cliente, Servico) VALUES (352, 122, 7);
INSERT INTO Utilizacoes (Ordem, Cliente, Servico) VALUES (353, 111, 1);
INSERT INTO Utilizacoes (Ordem, Cliente, Servico) VALUES (354, 384, 3);
INSERT INTO Utilizacoes (Ordem, Cliente, Servico) VALUES (355, 158, 4);
INSERT INTO Utilizacoes (Ordem, Cliente, Servico) VALUES (356, 313, 10);
INSERT INTO Utilizacoes (Ordem, Cliente, Servico) VALUES (357, 336, 8);
INSERT INTO Utilizacoes (Ordem, Cliente, Servico) VALUES (358, 275, 6);
INSERT INTO Utilizacoes (Ordem, Cliente, Servico) VALUES (359, 67, 8);
INSERT INTO Utilizacoes (Ordem, Cliente, Servico) VALUES (360, 376, 8);
INSERT INTO Utilizacoes (Ordem, Cliente, Servico) VALUES (361, 396, 3);
INSERT INTO Utilizacoes (Ordem, Cliente, Servico) VALUES (362, 219, 4);
INSERT INTO Utilizacoes (Ordem, Cliente, Servico) VALUES (363, 243, 3);
INSERT INTO Utilizacoes (Ordem, Cliente, Servico) VALUES (364, 199, 4);
INSERT INTO Utilizacoes (Ordem, Cliente, Servico) VALUES (365, 285, 3);
INSERT INTO Utilizacoes (Ordem, Cliente, Servico) VALUES (366, 235, 2);
INSERT INTO Utilizacoes (Ordem, Cliente, Servico) VALUES (367, 322, 9);
INSERT INTO Utilizacoes (Ordem, Cliente, Servico) VALUES (368, 114, 6);
INSERT INTO Utilizacoes (Ordem, Cliente, Servico) VALUES (369, 293, 10);
INSERT INTO Utilizacoes (Ordem, Cliente, Servico) VALUES (370, 164, 8);
INSERT INTO Utilizacoes (Ordem, Cliente, Servico) VALUES (371, 250, 9);
INSERT INTO Utilizacoes (Ordem, Cliente, Servico) VALUES (372, 88, 10);
INSERT INTO Utilizacoes (Ordem, Cliente, Servico) VALUES (373, 26, 9);
INSERT INTO Utilizacoes (Ordem, Cliente, Servico) VALUES (374, 122, 8);
INSERT INTO Utilizacoes (Ordem, Cliente, Servico) VALUES (375, 3, 5);
INSERT INTO Utilizacoes (Ordem, Cliente, Servico) VALUES (376, 215, 3);
INSERT INTO Utilizacoes (Ordem, Cliente, Servico) VALUES (377, 363, 10);
INSERT INTO Utilizacoes (Ordem, Cliente, Servico) VALUES (378, 143, 9);
INSERT INTO Utilizacoes (Ordem, Cliente, Servico) VALUES (379, 284, 4);
INSERT INTO Utilizacoes (Ordem, Cliente, Servico) VALUES (380, 94, 5);
INSERT INTO Utilizacoes (Ordem, Cliente, Servico) VALUES (381, 256, 1);
INSERT INTO Utilizacoes (Ordem, Cliente, Servico) VALUES (382, 90, 9);
INSERT INTO Utilizacoes (Ordem, Cliente, Servico) VALUES (383, 353, 2);
INSERT INTO Utilizacoes (Ordem, Cliente, Servico) VALUES (384, 150, 1);
INSERT INTO Utilizacoes (Ordem, Cliente, Servico) VALUES (385, 311, 8);
INSERT INTO Utilizacoes (Ordem, Cliente, Servico) VALUES (386, 385, 1);
INSERT INTO Utilizacoes (Ordem, Cliente, Servico) VALUES (387, 156, 1);
INSERT INTO Utilizacoes (Ordem, Cliente, Servico) VALUES (388, 246, 3);
INSERT INTO Utilizacoes (Ordem, Cliente, Servico) VALUES (389, 30, 10);
INSERT INTO Utilizacoes (Ordem, Cliente, Servico) VALUES (390, 11, 4);
INSERT INTO Utilizacoes (Ordem, Cliente, Servico) VALUES (391, 277, 2);
INSERT INTO Utilizacoes (Ordem, Cliente, Servico) VALUES (392, 375, 7);
INSERT INTO Utilizacoes (Ordem, Cliente, Servico) VALUES (393, 43, 6);
INSERT INTO Utilizacoes (Ordem, Cliente, Servico) VALUES (394, 13, 5);
INSERT INTO Utilizacoes (Ordem, Cliente, Servico) VALUES (395, 339, 3);
INSERT INTO Utilizacoes (Ordem, Cliente, Servico) VALUES (396, 220, 3);
INSERT INTO Utilizacoes (Ordem, Cliente, Servico) VALUES (397, 173, 5);
INSERT INTO Utilizacoes (Ordem, Cliente, Servico) VALUES (398, 308, 10);
INSERT INTO Utilizacoes (Ordem, Cliente, Servico) VALUES (399, 18, 10);
INSERT INTO Utilizacoes (Ordem, Cliente, Servico) VALUES (400, 301, 5);
INSERT INTO Utilizacoes (Ordem, Cliente, Servico) VALUES (401, 282, 4);
INSERT INTO Utilizacoes (Ordem, Cliente, Servico) VALUES (402, 181, 9);
INSERT INTO Utilizacoes (Ordem, Cliente, Servico) VALUES (403, 290, 10);
INSERT INTO Utilizacoes (Ordem, Cliente, Servico) VALUES (404, 163, 8);
INSERT INTO Utilizacoes (Ordem, Cliente, Servico) VALUES (405, 360, 9);
INSERT INTO Utilizacoes (Ordem, Cliente, Servico) VALUES (406, 176, 1);
INSERT INTO Utilizacoes (Ordem, Cliente, Servico) VALUES (407, 300, 2);
INSERT INTO Utilizacoes (Ordem, Cliente, Servico) VALUES (408, 55, 8);
INSERT INTO Utilizacoes (Ordem, Cliente, Servico) VALUES (409, 184, 4);
INSERT INTO Utilizacoes (Ordem, Cliente, Servico) VALUES (410, 376, 7);
INSERT INTO Utilizacoes (Ordem, Cliente, Servico) VALUES (411, 335, 7);
INSERT INTO Utilizacoes (Ordem, Cliente, Servico) VALUES (412, 11, 4);
INSERT INTO Utilizacoes (Ordem, Cliente, Servico) VALUES (413, 104, 6);
INSERT INTO Utilizacoes (Ordem, Cliente, Servico) VALUES (414, 311, 1);
INSERT INTO Utilizacoes (Ordem, Cliente, Servico) VALUES (415, 245, 1);
INSERT INTO Utilizacoes (Ordem, Cliente, Servico) VALUES (416, 114, 10);
INSERT INTO Utilizacoes (Ordem, Cliente, Servico) VALUES (417, 172, 7);
INSERT INTO Utilizacoes (Ordem, Cliente, Servico) VALUES (418, 7, 5);
INSERT INTO Utilizacoes (Ordem, Cliente, Servico) VALUES (419, 264, 10);
INSERT INTO Utilizacoes (Ordem, Cliente, Servico) VALUES (420, 109, 3);
INSERT INTO Utilizacoes (Ordem, Cliente, Servico) VALUES (421, 36, 3);
INSERT INTO Utilizacoes (Ordem, Cliente, Servico) VALUES (422, 52, 4);
INSERT INTO Utilizacoes (Ordem, Cliente, Servico) VALUES (423, 197, 4);
INSERT INTO Utilizacoes (Ordem, Cliente, Servico) VALUES (424, 388, 8);
INSERT INTO Utilizacoes (Ordem, Cliente, Servico) VALUES (425, 272, 1);
INSERT INTO Utilizacoes (Ordem, Cliente, Servico) VALUES (426, 40, 8);
INSERT INTO Utilizacoes (Ordem, Cliente, Servico) VALUES (427, 116, 7);
INSERT INTO Utilizacoes (Ordem, Cliente, Servico) VALUES (428, 302, 1);
INSERT INTO Utilizacoes (Ordem, Cliente, Servico) VALUES (429, 190, 4);
INSERT INTO Utilizacoes (Ordem, Cliente, Servico) VALUES (430, 129, 2);
INSERT INTO Utilizacoes (Ordem, Cliente, Servico) VALUES (431, 131, 7);
INSERT INTO Utilizacoes (Ordem, Cliente, Servico) VALUES (432, 362, 6);
INSERT INTO Utilizacoes (Ordem, Cliente, Servico) VALUES (433, 88, 3);
INSERT INTO Utilizacoes (Ordem, Cliente, Servico) VALUES (434, 205, 6);
INSERT INTO Utilizacoes (Ordem, Cliente, Servico) VALUES (435, 362, 6);
INSERT INTO Utilizacoes (Ordem, Cliente, Servico) VALUES (436, 312, 6);
INSERT INTO Utilizacoes (Ordem, Cliente, Servico) VALUES (437, 55, 1);
INSERT INTO Utilizacoes (Ordem, Cliente, Servico) VALUES (438, 336, 10);
INSERT INTO Utilizacoes (Ordem, Cliente, Servico) VALUES (439, 313, 7);
INSERT INTO Utilizacoes (Ordem, Cliente, Servico) VALUES (440, 314, 10);
INSERT INTO Utilizacoes (Ordem, Cliente, Servico) VALUES (441, 325, 4);
INSERT INTO Utilizacoes (Ordem, Cliente, Servico) VALUES (442, 11, 6);
INSERT INTO Utilizacoes (Ordem, Cliente, Servico) VALUES (443, 333, 8);
INSERT INTO Utilizacoes (Ordem, Cliente, Servico) VALUES (444, 76, 4);
INSERT INTO Utilizacoes (Ordem, Cliente, Servico) VALUES (445, 365, 7);
INSERT INTO Utilizacoes (Ordem, Cliente, Servico) VALUES (446, 363, 10);
INSERT INTO Utilizacoes (Ordem, Cliente, Servico) VALUES (447, 384, 9);
INSERT INTO Utilizacoes (Ordem, Cliente, Servico) VALUES (448, 336, 3);
INSERT INTO Utilizacoes (Ordem, Cliente, Servico) VALUES (449, 164, 9);
INSERT INTO Utilizacoes (Ordem, Cliente, Servico) VALUES (450, 395, 9);
INSERT INTO Utilizacoes (Ordem, Cliente, Servico) VALUES (451, 340, 8);
INSERT INTO Utilizacoes (Ordem, Cliente, Servico) VALUES (452, 25, 2);
INSERT INTO Utilizacoes (Ordem, Cliente, Servico) VALUES (453, 123, 1);
INSERT INTO Utilizacoes (Ordem, Cliente, Servico) VALUES (454, 232, 1);
INSERT INTO Utilizacoes (Ordem, Cliente, Servico) VALUES (455, 305, 9);
INSERT INTO Utilizacoes (Ordem, Cliente, Servico) VALUES (456, 331, 6);
INSERT INTO Utilizacoes (Ordem, Cliente, Servico) VALUES (457, 94, 8);
INSERT INTO Utilizacoes (Ordem, Cliente, Servico) VALUES (458, 340, 9);
INSERT INTO Utilizacoes (Ordem, Cliente, Servico) VALUES (459, 47, 5);
INSERT INTO Utilizacoes (Ordem, Cliente, Servico) VALUES (460, 218, 7);
INSERT INTO Utilizacoes (Ordem, Cliente, Servico) VALUES (461, 94, 3);
INSERT INTO Utilizacoes (Ordem, Cliente, Servico) VALUES (462, 116, 10);
INSERT INTO Utilizacoes (Ordem, Cliente, Servico) VALUES (463, 229, 6);
INSERT INTO Utilizacoes (Ordem, Cliente, Servico) VALUES (464, 26, 9);
INSERT INTO Utilizacoes (Ordem, Cliente, Servico) VALUES (465, 238, 10);
INSERT INTO Utilizacoes (Ordem, Cliente, Servico) VALUES (466, 19, 2);
INSERT INTO Utilizacoes (Ordem, Cliente, Servico) VALUES (467, 36, 10);
INSERT INTO Utilizacoes (Ordem, Cliente, Servico) VALUES (468, 307, 2);
INSERT INTO Utilizacoes (Ordem, Cliente, Servico) VALUES (469, 226, 1);
INSERT INTO Utilizacoes (Ordem, Cliente, Servico) VALUES (470, 73, 7);
INSERT INTO Utilizacoes (Ordem, Cliente, Servico) VALUES (471, 14, 9);
INSERT INTO Utilizacoes (Ordem, Cliente, Servico) VALUES (472, 168, 8);
INSERT INTO Utilizacoes (Ordem, Cliente, Servico) VALUES (473, 147, 7);
INSERT INTO Utilizacoes (Ordem, Cliente, Servico) VALUES (474, 31, 10);
INSERT INTO Utilizacoes (Ordem, Cliente, Servico) VALUES (475, 339, 7);
INSERT INTO Utilizacoes (Ordem, Cliente, Servico) VALUES (476, 397, 4);
INSERT INTO Utilizacoes (Ordem, Cliente, Servico) VALUES (477, 166, 4);
INSERT INTO Utilizacoes (Ordem, Cliente, Servico) VALUES (478, 124, 6);
INSERT INTO Utilizacoes (Ordem, Cliente, Servico) VALUES (479, 116, 7);
INSERT INTO Utilizacoes (Ordem, Cliente, Servico) VALUES (480, 134, 7);
INSERT INTO Utilizacoes (Ordem, Cliente, Servico) VALUES (481, 85, 5);
INSERT INTO Utilizacoes (Ordem, Cliente, Servico) VALUES (482, 264, 8);
INSERT INTO Utilizacoes (Ordem, Cliente, Servico) VALUES (483, 171, 10);
INSERT INTO Utilizacoes (Ordem, Cliente, Servico) VALUES (484, 60, 1);
INSERT INTO Utilizacoes (Ordem, Cliente, Servico) VALUES (485, 389, 7);
INSERT INTO Utilizacoes (Ordem, Cliente, Servico) VALUES (486, 68, 7);
INSERT INTO Utilizacoes (Ordem, Cliente, Servico) VALUES (487, 283, 2);
INSERT INTO Utilizacoes (Ordem, Cliente, Servico) VALUES (488, 188, 7);
INSERT INTO Utilizacoes (Ordem, Cliente, Servico) VALUES (489, 351, 4);
INSERT INTO Utilizacoes (Ordem, Cliente, Servico) VALUES (490, 223, 6);
INSERT INTO Utilizacoes (Ordem, Cliente, Servico) VALUES (491, 373, 1);
INSERT INTO Utilizacoes (Ordem, Cliente, Servico) VALUES (492, 362, 6);
INSERT INTO Utilizacoes (Ordem, Cliente, Servico) VALUES (493, 322, 10);
INSERT INTO Utilizacoes (Ordem, Cliente, Servico) VALUES (494, 246, 6);
INSERT INTO Utilizacoes (Ordem, Cliente, Servico) VALUES (495, 119, 3);
INSERT INTO Utilizacoes (Ordem, Cliente, Servico) VALUES (496, 213, 1);
INSERT INTO Utilizacoes (Ordem, Cliente, Servico) VALUES (497, 116, 9);
INSERT INTO Utilizacoes (Ordem, Cliente, Servico) VALUES (498, 348, 3);
INSERT INTO Utilizacoes (Ordem, Cliente, Servico) VALUES (499, 26, 3);
INSERT INTO Utilizacoes (Ordem, Cliente, Servico) VALUES (500, 303, 9);
INSERT INTO Utilizacoes (Ordem, Cliente, Servico) VALUES (501, 340, 9);
INSERT INTO Utilizacoes (Ordem, Cliente, Servico) VALUES (502, 58, 3);
INSERT INTO Utilizacoes (Ordem, Cliente, Servico) VALUES (503, 375, 3);
INSERT INTO Utilizacoes (Ordem, Cliente, Servico) VALUES (504, 30, 2);
INSERT INTO Utilizacoes (Ordem, Cliente, Servico) VALUES (505, 46, 10);
INSERT INTO Utilizacoes (Ordem, Cliente, Servico) VALUES (506, 382, 1);
INSERT INTO Utilizacoes (Ordem, Cliente, Servico) VALUES (507, 131, 6);
INSERT INTO Utilizacoes (Ordem, Cliente, Servico) VALUES (508, 130, 7);
INSERT INTO Utilizacoes (Ordem, Cliente, Servico) VALUES (509, 175, 7);
INSERT INTO Utilizacoes (Ordem, Cliente, Servico) VALUES (510, 260, 7);
INSERT INTO Utilizacoes (Ordem, Cliente, Servico) VALUES (511, 236, 1);
INSERT INTO Utilizacoes (Ordem, Cliente, Servico) VALUES (512, 309, 6);
INSERT INTO Utilizacoes (Ordem, Cliente, Servico) VALUES (513, 162, 5);
INSERT INTO Utilizacoes (Ordem, Cliente, Servico) VALUES (514, 105, 5);
INSERT INTO Utilizacoes (Ordem, Cliente, Servico) VALUES (515, 230, 10);
INSERT INTO Utilizacoes (Ordem, Cliente, Servico) VALUES (516, 323, 1);
INSERT INTO Utilizacoes (Ordem, Cliente, Servico) VALUES (517, 202, 10);
INSERT INTO Utilizacoes (Ordem, Cliente, Servico) VALUES (518, 226, 2);
INSERT INTO Utilizacoes (Ordem, Cliente, Servico) VALUES (519, 162, 7);
INSERT INTO Utilizacoes (Ordem, Cliente, Servico) VALUES (520, 328, 9);
INSERT INTO Utilizacoes (Ordem, Cliente, Servico) VALUES (521, 279, 7);
INSERT INTO Utilizacoes (Ordem, Cliente, Servico) VALUES (522, 67, 8);
INSERT INTO Utilizacoes (Ordem, Cliente, Servico) VALUES (523, 109, 7);
INSERT INTO Utilizacoes (Ordem, Cliente, Servico) VALUES (524, 10, 5);
INSERT INTO Utilizacoes (Ordem, Cliente, Servico) VALUES (525, 18, 7);
INSERT INTO Utilizacoes (Ordem, Cliente, Servico) VALUES (526, 296, 3);
INSERT INTO Utilizacoes (Ordem, Cliente, Servico) VALUES (527, 319, 6);
INSERT INTO Utilizacoes (Ordem, Cliente, Servico) VALUES (528, 216, 10);
INSERT INTO Utilizacoes (Ordem, Cliente, Servico) VALUES (529, 51, 7);
INSERT INTO Utilizacoes (Ordem, Cliente, Servico) VALUES (530, 241, 6);
INSERT INTO Utilizacoes (Ordem, Cliente, Servico) VALUES (531, 244, 6);
INSERT INTO Utilizacoes (Ordem, Cliente, Servico) VALUES (532, 35, 8);
INSERT INTO Utilizacoes (Ordem, Cliente, Servico) VALUES (533, 308, 9);
INSERT INTO Utilizacoes (Ordem, Cliente, Servico) VALUES (534, 27, 4);
INSERT INTO Utilizacoes (Ordem, Cliente, Servico) VALUES (535, 113, 6);
INSERT INTO Utilizacoes (Ordem, Cliente, Servico) VALUES (536, 389, 4);
INSERT INTO Utilizacoes (Ordem, Cliente, Servico) VALUES (537, 126, 7);
INSERT INTO Utilizacoes (Ordem, Cliente, Servico) VALUES (538, 158, 6);
INSERT INTO Utilizacoes (Ordem, Cliente, Servico) VALUES (539, 340, 4);
INSERT INTO Utilizacoes (Ordem, Cliente, Servico) VALUES (540, 246, 8);
INSERT INTO Utilizacoes (Ordem, Cliente, Servico) VALUES (541, 96, 3);
INSERT INTO Utilizacoes (Ordem, Cliente, Servico) VALUES (542, 291, 4);
INSERT INTO Utilizacoes (Ordem, Cliente, Servico) VALUES (543, 141, 5);
INSERT INTO Utilizacoes (Ordem, Cliente, Servico) VALUES (544, 387, 4);
INSERT INTO Utilizacoes (Ordem, Cliente, Servico) VALUES (545, 330, 2);
INSERT INTO Utilizacoes (Ordem, Cliente, Servico) VALUES (546, 274, 1);
INSERT INTO Utilizacoes (Ordem, Cliente, Servico) VALUES (547, 156, 7);
INSERT INTO Utilizacoes (Ordem, Cliente, Servico) VALUES (548, 264, 5);
INSERT INTO Utilizacoes (Ordem, Cliente, Servico) VALUES (549, 252, 4);
INSERT INTO Utilizacoes (Ordem, Cliente, Servico) VALUES (550, 30, 2);
INSERT INTO Utilizacoes (Ordem, Cliente, Servico) VALUES (551, 254, 4);
INSERT INTO Utilizacoes (Ordem, Cliente, Servico) VALUES (552, 119, 8);
INSERT INTO Utilizacoes (Ordem, Cliente, Servico) VALUES (553, 142, 2);
INSERT INTO Utilizacoes (Ordem, Cliente, Servico) VALUES (554, 96, 5);
INSERT INTO Utilizacoes (Ordem, Cliente, Servico) VALUES (555, 358, 7);
INSERT INTO Utilizacoes (Ordem, Cliente, Servico) VALUES (556, 192, 1);
INSERT INTO Utilizacoes (Ordem, Cliente, Servico) VALUES (557, 293, 8);
INSERT INTO Utilizacoes (Ordem, Cliente, Servico) VALUES (558, 1, 7);
INSERT INTO Utilizacoes (Ordem, Cliente, Servico) VALUES (559, 338, 5);
INSERT INTO Utilizacoes (Ordem, Cliente, Servico) VALUES (560, 258, 3);
INSERT INTO Utilizacoes (Ordem, Cliente, Servico) VALUES (561, 83, 7);
INSERT INTO Utilizacoes (Ordem, Cliente, Servico) VALUES (562, 271, 6);
INSERT INTO Utilizacoes (Ordem, Cliente, Servico) VALUES (563, 24, 3);
INSERT INTO Utilizacoes (Ordem, Cliente, Servico) VALUES (564, 1, 8);
INSERT INTO Utilizacoes (Ordem, Cliente, Servico) VALUES (565, 13, 7);
INSERT INTO Utilizacoes (Ordem, Cliente, Servico) VALUES (566, 190, 4);
INSERT INTO Utilizacoes (Ordem, Cliente, Servico) VALUES (567, 130, 9);
INSERT INTO Utilizacoes (Ordem, Cliente, Servico) VALUES (568, 111, 6);
INSERT INTO Utilizacoes (Ordem, Cliente, Servico) VALUES (569, 388, 7);
INSERT INTO Utilizacoes (Ordem, Cliente, Servico) VALUES (570, 218, 5);
INSERT INTO Utilizacoes (Ordem, Cliente, Servico) VALUES (571, 40, 6);
INSERT INTO Utilizacoes (Ordem, Cliente, Servico) VALUES (572, 45, 4);
INSERT INTO Utilizacoes (Ordem, Cliente, Servico) VALUES (573, 72, 6);
INSERT INTO Utilizacoes (Ordem, Cliente, Servico) VALUES (574, 32, 9);
INSERT INTO Utilizacoes (Ordem, Cliente, Servico) VALUES (575, 265, 1);
INSERT INTO Utilizacoes (Ordem, Cliente, Servico) VALUES (576, 27, 8);
INSERT INTO Utilizacoes (Ordem, Cliente, Servico) VALUES (577, 71, 9);
INSERT INTO Utilizacoes (Ordem, Cliente, Servico) VALUES (578, 154, 9);
INSERT INTO Utilizacoes (Ordem, Cliente, Servico) VALUES (579, 53, 6);
INSERT INTO Utilizacoes (Ordem, Cliente, Servico) VALUES (580, 61, 9);
INSERT INTO Utilizacoes (Ordem, Cliente, Servico) VALUES (581, 267, 4);
INSERT INTO Utilizacoes (Ordem, Cliente, Servico) VALUES (582, 255, 1);
INSERT INTO Utilizacoes (Ordem, Cliente, Servico) VALUES (583, 165, 10);
INSERT INTO Utilizacoes (Ordem, Cliente, Servico) VALUES (584, 83, 2);
INSERT INTO Utilizacoes (Ordem, Cliente, Servico) VALUES (585, 235, 5);
INSERT INTO Utilizacoes (Ordem, Cliente, Servico) VALUES (586, 179, 7);
INSERT INTO Utilizacoes (Ordem, Cliente, Servico) VALUES (587, 37, 7);
INSERT INTO Utilizacoes (Ordem, Cliente, Servico) VALUES (588, 355, 5);
INSERT INTO Utilizacoes (Ordem, Cliente, Servico) VALUES (589, 379, 4);
INSERT INTO Utilizacoes (Ordem, Cliente, Servico) VALUES (590, 116, 4);
INSERT INTO Utilizacoes (Ordem, Cliente, Servico) VALUES (591, 202, 8);
INSERT INTO Utilizacoes (Ordem, Cliente, Servico) VALUES (592, 350, 2);
INSERT INTO Utilizacoes (Ordem, Cliente, Servico) VALUES (593, 283, 9);
INSERT INTO Utilizacoes (Ordem, Cliente, Servico) VALUES (594, 228, 7);
INSERT INTO Utilizacoes (Ordem, Cliente, Servico) VALUES (595, 320, 7);
INSERT INTO Utilizacoes (Ordem, Cliente, Servico) VALUES (596, 199, 2);
INSERT INTO Utilizacoes (Ordem, Cliente, Servico) VALUES (597, 98, 10);
INSERT INTO Utilizacoes (Ordem, Cliente, Servico) VALUES (598, 173, 2);
INSERT INTO Utilizacoes (Ordem, Cliente, Servico) VALUES (599, 247, 9);
INSERT INTO Utilizacoes (Ordem, Cliente, Servico) VALUES (600, 362, 5);
INSERT INTO Utilizacoes (Ordem, Cliente, Servico) VALUES (601, 100, 1);
INSERT INTO Utilizacoes (Ordem, Cliente, Servico) VALUES (602, 223, 10);
INSERT INTO Utilizacoes (Ordem, Cliente, Servico) VALUES (603, 6, 6);
INSERT INTO Utilizacoes (Ordem, Cliente, Servico) VALUES (604, 292, 3);
INSERT INTO Utilizacoes (Ordem, Cliente, Servico) VALUES (605, 101, 7);
INSERT INTO Utilizacoes (Ordem, Cliente, Servico) VALUES (606, 192, 8);
INSERT INTO Utilizacoes (Ordem, Cliente, Servico) VALUES (607, 302, 2);
INSERT INTO Utilizacoes (Ordem, Cliente, Servico) VALUES (608, 46, 8);
INSERT INTO Utilizacoes (Ordem, Cliente, Servico) VALUES (609, 258, 6);
INSERT INTO Utilizacoes (Ordem, Cliente, Servico) VALUES (610, 186, 7);
INSERT INTO Utilizacoes (Ordem, Cliente, Servico) VALUES (611, 49, 5);
INSERT INTO Utilizacoes (Ordem, Cliente, Servico) VALUES (612, 100, 7);
INSERT INTO Utilizacoes (Ordem, Cliente, Servico) VALUES (613, 382, 3);
INSERT INTO Utilizacoes (Ordem, Cliente, Servico) VALUES (614, 388, 1);
INSERT INTO Utilizacoes (Ordem, Cliente, Servico) VALUES (615, 154, 1);
INSERT INTO Utilizacoes (Ordem, Cliente, Servico) VALUES (616, 54, 3);
INSERT INTO Utilizacoes (Ordem, Cliente, Servico) VALUES (617, 194, 1);
INSERT INTO Utilizacoes (Ordem, Cliente, Servico) VALUES (618, 263, 6);
INSERT INTO Utilizacoes (Ordem, Cliente, Servico) VALUES (619, 265, 2);
INSERT INTO Utilizacoes (Ordem, Cliente, Servico) VALUES (620, 113, 7);
INSERT INTO Utilizacoes (Ordem, Cliente, Servico) VALUES (621, 76, 8);
INSERT INTO Utilizacoes (Ordem, Cliente, Servico) VALUES (622, 50, 6);
INSERT INTO Utilizacoes (Ordem, Cliente, Servico) VALUES (623, 179, 6);
INSERT INTO Utilizacoes (Ordem, Cliente, Servico) VALUES (624, 276, 6);
INSERT INTO Utilizacoes (Ordem, Cliente, Servico) VALUES (625, 338, 2);
INSERT INTO Utilizacoes (Ordem, Cliente, Servico) VALUES (626, 322, 5);
INSERT INTO Utilizacoes (Ordem, Cliente, Servico) VALUES (627, 198, 5);
INSERT INTO Utilizacoes (Ordem, Cliente, Servico) VALUES (628, 232, 3);
INSERT INTO Utilizacoes (Ordem, Cliente, Servico) VALUES (629, 25, 3);
INSERT INTO Utilizacoes (Ordem, Cliente, Servico) VALUES (630, 368, 4);
INSERT INTO Utilizacoes (Ordem, Cliente, Servico) VALUES (631, 337, 2);
INSERT INTO Utilizacoes (Ordem, Cliente, Servico) VALUES (632, 246, 4);
INSERT INTO Utilizacoes (Ordem, Cliente, Servico) VALUES (633, 244, 5);
INSERT INTO Utilizacoes (Ordem, Cliente, Servico) VALUES (634, 274, 7);
INSERT INTO Utilizacoes (Ordem, Cliente, Servico) VALUES (635, 106, 7);
INSERT INTO Utilizacoes (Ordem, Cliente, Servico) VALUES (636, 234, 5);
INSERT INTO Utilizacoes (Ordem, Cliente, Servico) VALUES (637, 110, 8);
INSERT INTO Utilizacoes (Ordem, Cliente, Servico) VALUES (638, 113, 10);
INSERT INTO Utilizacoes (Ordem, Cliente, Servico) VALUES (639, 355, 4);
INSERT INTO Utilizacoes (Ordem, Cliente, Servico) VALUES (640, 271, 7);
INSERT INTO Utilizacoes (Ordem, Cliente, Servico) VALUES (641, 298, 9);
INSERT INTO Utilizacoes (Ordem, Cliente, Servico) VALUES (642, 352, 10);
INSERT INTO Utilizacoes (Ordem, Cliente, Servico) VALUES (643, 396, 9);
INSERT INTO Utilizacoes (Ordem, Cliente, Servico) VALUES (644, 400, 6);
INSERT INTO Utilizacoes (Ordem, Cliente, Servico) VALUES (645, 113, 1);
INSERT INTO Utilizacoes (Ordem, Cliente, Servico) VALUES (646, 216, 9);
INSERT INTO Utilizacoes (Ordem, Cliente, Servico) VALUES (647, 357, 3);
INSERT INTO Utilizacoes (Ordem, Cliente, Servico) VALUES (648, 397, 4);
INSERT INTO Utilizacoes (Ordem, Cliente, Servico) VALUES (649, 282, 9);
INSERT INTO Utilizacoes (Ordem, Cliente, Servico) VALUES (650, 36, 1);
INSERT INTO Utilizacoes (Ordem, Cliente, Servico) VALUES (651, 342, 7);
INSERT INTO Utilizacoes (Ordem, Cliente, Servico) VALUES (652, 366, 2);
INSERT INTO Utilizacoes (Ordem, Cliente, Servico) VALUES (653, 282, 8);
INSERT INTO Utilizacoes (Ordem, Cliente, Servico) VALUES (654, 188, 9);
INSERT INTO Utilizacoes (Ordem, Cliente, Servico) VALUES (655, 385, 6);
INSERT INTO Utilizacoes (Ordem, Cliente, Servico) VALUES (656, 178, 2);
INSERT INTO Utilizacoes (Ordem, Cliente, Servico) VALUES (657, 66, 4);
INSERT INTO Utilizacoes (Ordem, Cliente, Servico) VALUES (658, 240, 5);
INSERT INTO Utilizacoes (Ordem, Cliente, Servico) VALUES (659, 83, 7);
INSERT INTO Utilizacoes (Ordem, Cliente, Servico) VALUES (660, 315, 6);
INSERT INTO Utilizacoes (Ordem, Cliente, Servico) VALUES (661, 368, 10);
INSERT INTO Utilizacoes (Ordem, Cliente, Servico) VALUES (662, 349, 9);
INSERT INTO Utilizacoes (Ordem, Cliente, Servico) VALUES (663, 189, 10);
INSERT INTO Utilizacoes (Ordem, Cliente, Servico) VALUES (664, 236, 4);
INSERT INTO Utilizacoes (Ordem, Cliente, Servico) VALUES (665, 167, 6);
INSERT INTO Utilizacoes (Ordem, Cliente, Servico) VALUES (666, 228, 8);
INSERT INTO Utilizacoes (Ordem, Cliente, Servico) VALUES (667, 109, 3);
INSERT INTO Utilizacoes (Ordem, Cliente, Servico) VALUES (668, 34, 9);
INSERT INTO Utilizacoes (Ordem, Cliente, Servico) VALUES (669, 115, 6);
INSERT INTO Utilizacoes (Ordem, Cliente, Servico) VALUES (670, 149, 5);
INSERT INTO Utilizacoes (Ordem, Cliente, Servico) VALUES (671, 148, 6);
INSERT INTO Utilizacoes (Ordem, Cliente, Servico) VALUES (672, 68, 6);
INSERT INTO Utilizacoes (Ordem, Cliente, Servico) VALUES (673, 200, 5);
INSERT INTO Utilizacoes (Ordem, Cliente, Servico) VALUES (674, 9, 3);
INSERT INTO Utilizacoes (Ordem, Cliente, Servico) VALUES (675, 250, 9);
INSERT INTO Utilizacoes (Ordem, Cliente, Servico) VALUES (676, 338, 4);
INSERT INTO Utilizacoes (Ordem, Cliente, Servico) VALUES (677, 299, 6);
INSERT INTO Utilizacoes (Ordem, Cliente, Servico) VALUES (678, 232, 7);
INSERT INTO Utilizacoes (Ordem, Cliente, Servico) VALUES (679, 353, 2);
INSERT INTO Utilizacoes (Ordem, Cliente, Servico) VALUES (680, 101, 10);
INSERT INTO Utilizacoes (Ordem, Cliente, Servico) VALUES (681, 86, 9);
INSERT INTO Utilizacoes (Ordem, Cliente, Servico) VALUES (682, 334, 2);
INSERT INTO Utilizacoes (Ordem, Cliente, Servico) VALUES (683, 175, 7);
INSERT INTO Utilizacoes (Ordem, Cliente, Servico) VALUES (684, 118, 3);
INSERT INTO Utilizacoes (Ordem, Cliente, Servico) VALUES (685, 214, 10);
INSERT INTO Utilizacoes (Ordem, Cliente, Servico) VALUES (686, 326, 3);
INSERT INTO Utilizacoes (Ordem, Cliente, Servico) VALUES (687, 267, 5);
INSERT INTO Utilizacoes (Ordem, Cliente, Servico) VALUES (688, 220, 5);
INSERT INTO Utilizacoes (Ordem, Cliente, Servico) VALUES (689, 307, 3);
INSERT INTO Utilizacoes (Ordem, Cliente, Servico) VALUES (690, 49, 5);
INSERT INTO Utilizacoes (Ordem, Cliente, Servico) VALUES (691, 215, 8);
INSERT INTO Utilizacoes (Ordem, Cliente, Servico) VALUES (692, 55, 2);
INSERT INTO Utilizacoes (Ordem, Cliente, Servico) VALUES (693, 104, 5);
INSERT INTO Utilizacoes (Ordem, Cliente, Servico) VALUES (694, 378, 5);
INSERT INTO Utilizacoes (Ordem, Cliente, Servico) VALUES (695, 129, 9);
INSERT INTO Utilizacoes (Ordem, Cliente, Servico) VALUES (696, 179, 5);
INSERT INTO Utilizacoes (Ordem, Cliente, Servico) VALUES (697, 114, 2);
INSERT INTO Utilizacoes (Ordem, Cliente, Servico) VALUES (698, 184, 1);
INSERT INTO Utilizacoes (Ordem, Cliente, Servico) VALUES (699, 293, 3);
INSERT INTO Utilizacoes (Ordem, Cliente, Servico) VALUES (700, 229, 5);
INSERT INTO Utilizacoes (Ordem, Cliente, Servico) VALUES (701, 294, 5);
INSERT INTO Utilizacoes (Ordem, Cliente, Servico) VALUES (702, 366, 5);
INSERT INTO Utilizacoes (Ordem, Cliente, Servico) VALUES (703, 107, 8);
INSERT INTO Utilizacoes (Ordem, Cliente, Servico) VALUES (704, 372, 5);
INSERT INTO Utilizacoes (Ordem, Cliente, Servico) VALUES (705, 359, 5);
INSERT INTO Utilizacoes (Ordem, Cliente, Servico) VALUES (706, 306, 10);
INSERT INTO Utilizacoes (Ordem, Cliente, Servico) VALUES (707, 155, 4);
INSERT INTO Utilizacoes (Ordem, Cliente, Servico) VALUES (708, 388, 10);
INSERT INTO Utilizacoes (Ordem, Cliente, Servico) VALUES (709, 86, 8);
INSERT INTO Utilizacoes (Ordem, Cliente, Servico) VALUES (710, 301, 2);
INSERT INTO Utilizacoes (Ordem, Cliente, Servico) VALUES (711, 72, 6);
INSERT INTO Utilizacoes (Ordem, Cliente, Servico) VALUES (712, 24, 10);
INSERT INTO Utilizacoes (Ordem, Cliente, Servico) VALUES (713, 101, 7);
INSERT INTO Utilizacoes (Ordem, Cliente, Servico) VALUES (714, 160, 3);
INSERT INTO Utilizacoes (Ordem, Cliente, Servico) VALUES (715, 190, 8);
INSERT INTO Utilizacoes (Ordem, Cliente, Servico) VALUES (716, 31, 3);
INSERT INTO Utilizacoes (Ordem, Cliente, Servico) VALUES (717, 278, 10);
INSERT INTO Utilizacoes (Ordem, Cliente, Servico) VALUES (718, 169, 5);
INSERT INTO Utilizacoes (Ordem, Cliente, Servico) VALUES (719, 79, 9);
INSERT INTO Utilizacoes (Ordem, Cliente, Servico) VALUES (720, 303, 3);
INSERT INTO Utilizacoes (Ordem, Cliente, Servico) VALUES (721, 129, 9);
INSERT INTO Utilizacoes (Ordem, Cliente, Servico) VALUES (722, 278, 10);
INSERT INTO Utilizacoes (Ordem, Cliente, Servico) VALUES (723, 84, 4);
INSERT INTO Utilizacoes (Ordem, Cliente, Servico) VALUES (724, 59, 6);
INSERT INTO Utilizacoes (Ordem, Cliente, Servico) VALUES (725, 19, 4);
INSERT INTO Utilizacoes (Ordem, Cliente, Servico) VALUES (726, 218, 3);
INSERT INTO Utilizacoes (Ordem, Cliente, Servico) VALUES (727, 170, 4);
INSERT INTO Utilizacoes (Ordem, Cliente, Servico) VALUES (728, 1, 2);
INSERT INTO Utilizacoes (Ordem, Cliente, Servico) VALUES (729, 308, 8);
INSERT INTO Utilizacoes (Ordem, Cliente, Servico) VALUES (730, 368, 1);
INSERT INTO Utilizacoes (Ordem, Cliente, Servico) VALUES (731, 247, 9);
INSERT INTO Utilizacoes (Ordem, Cliente, Servico) VALUES (732, 57, 1);
INSERT INTO Utilizacoes (Ordem, Cliente, Servico) VALUES (733, 39, 6);
INSERT INTO Utilizacoes (Ordem, Cliente, Servico) VALUES (734, 121, 3);
INSERT INTO Utilizacoes (Ordem, Cliente, Servico) VALUES (735, 72, 7);
INSERT INTO Utilizacoes (Ordem, Cliente, Servico) VALUES (736, 344, 1);
INSERT INTO Utilizacoes (Ordem, Cliente, Servico) VALUES (737, 365, 6);
INSERT INTO Utilizacoes (Ordem, Cliente, Servico) VALUES (738, 275, 7);
INSERT INTO Utilizacoes (Ordem, Cliente, Servico) VALUES (739, 318, 9);
INSERT INTO Utilizacoes (Ordem, Cliente, Servico) VALUES (740, 50, 9);
INSERT INTO Utilizacoes (Ordem, Cliente, Servico) VALUES (741, 252, 9);
INSERT INTO Utilizacoes (Ordem, Cliente, Servico) VALUES (742, 104, 1);
INSERT INTO Utilizacoes (Ordem, Cliente, Servico) VALUES (743, 160, 7);
INSERT INTO Utilizacoes (Ordem, Cliente, Servico) VALUES (744, 302, 9);
INSERT INTO Utilizacoes (Ordem, Cliente, Servico) VALUES (745, 260, 4);
INSERT INTO Utilizacoes (Ordem, Cliente, Servico) VALUES (746, 349, 7);
INSERT INTO Utilizacoes (Ordem, Cliente, Servico) VALUES (747, 111, 4);
INSERT INTO Utilizacoes (Ordem, Cliente, Servico) VALUES (748, 13, 6);
INSERT INTO Utilizacoes (Ordem, Cliente, Servico) VALUES (749, 80, 3);
INSERT INTO Utilizacoes (Ordem, Cliente, Servico) VALUES (750, 225, 9);
INSERT INTO Utilizacoes (Ordem, Cliente, Servico) VALUES (751, 363, 5);
INSERT INTO Utilizacoes (Ordem, Cliente, Servico) VALUES (752, 374, 3);
INSERT INTO Utilizacoes (Ordem, Cliente, Servico) VALUES (753, 377, 7);
INSERT INTO Utilizacoes (Ordem, Cliente, Servico) VALUES (754, 15, 6);
INSERT INTO Utilizacoes (Ordem, Cliente, Servico) VALUES (755, 333, 9);
INSERT INTO Utilizacoes (Ordem, Cliente, Servico) VALUES (756, 351, 5);
INSERT INTO Utilizacoes (Ordem, Cliente, Servico) VALUES (757, 312, 10);
INSERT INTO Utilizacoes (Ordem, Cliente, Servico) VALUES (758, 270, 5);
INSERT INTO Utilizacoes (Ordem, Cliente, Servico) VALUES (759, 63, 10);
INSERT INTO Utilizacoes (Ordem, Cliente, Servico) VALUES (760, 65, 9);
INSERT INTO Utilizacoes (Ordem, Cliente, Servico) VALUES (761, 220, 8);
INSERT INTO Utilizacoes (Ordem, Cliente, Servico) VALUES (762, 26, 4);
INSERT INTO Utilizacoes (Ordem, Cliente, Servico) VALUES (763, 333, 4);
INSERT INTO Utilizacoes (Ordem, Cliente, Servico) VALUES (764, 67, 5);
INSERT INTO Utilizacoes (Ordem, Cliente, Servico) VALUES (765, 268, 7);
INSERT INTO Utilizacoes (Ordem, Cliente, Servico) VALUES (766, 25, 7);
INSERT INTO Utilizacoes (Ordem, Cliente, Servico) VALUES (767, 304, 4);
INSERT INTO Utilizacoes (Ordem, Cliente, Servico) VALUES (768, 261, 1);
INSERT INTO Utilizacoes (Ordem, Cliente, Servico) VALUES (769, 57, 4);
INSERT INTO Utilizacoes (Ordem, Cliente, Servico) VALUES (770, 57, 9);
INSERT INTO Utilizacoes (Ordem, Cliente, Servico) VALUES (771, 190, 9);
INSERT INTO Utilizacoes (Ordem, Cliente, Servico) VALUES (772, 3, 1);
INSERT INTO Utilizacoes (Ordem, Cliente, Servico) VALUES (773, 253, 9);
INSERT INTO Utilizacoes (Ordem, Cliente, Servico) VALUES (774, 221, 9);
INSERT INTO Utilizacoes (Ordem, Cliente, Servico) VALUES (775, 169, 7);
INSERT INTO Utilizacoes (Ordem, Cliente, Servico) VALUES (776, 107, 4);
INSERT INTO Utilizacoes (Ordem, Cliente, Servico) VALUES (777, 230, 3);
INSERT INTO Utilizacoes (Ordem, Cliente, Servico) VALUES (778, 352, 1);
INSERT INTO Utilizacoes (Ordem, Cliente, Servico) VALUES (779, 67, 5);
INSERT INTO Utilizacoes (Ordem, Cliente, Servico) VALUES (780, 2, 1);
INSERT INTO Utilizacoes (Ordem, Cliente, Servico) VALUES (781, 31, 10);
INSERT INTO Utilizacoes (Ordem, Cliente, Servico) VALUES (782, 94, 9);
INSERT INTO Utilizacoes (Ordem, Cliente, Servico) VALUES (783, 305, 4);
INSERT INTO Utilizacoes (Ordem, Cliente, Servico) VALUES (784, 227, 7);
INSERT INTO Utilizacoes (Ordem, Cliente, Servico) VALUES (785, 363, 2);
INSERT INTO Utilizacoes (Ordem, Cliente, Servico) VALUES (786, 173, 7);
INSERT INTO Utilizacoes (Ordem, Cliente, Servico) VALUES (787, 2, 4);
INSERT INTO Utilizacoes (Ordem, Cliente, Servico) VALUES (788, 29, 2);
INSERT INTO Utilizacoes (Ordem, Cliente, Servico) VALUES (789, 217, 1);
INSERT INTO Utilizacoes (Ordem, Cliente, Servico) VALUES (790, 56, 2);
INSERT INTO Utilizacoes (Ordem, Cliente, Servico) VALUES (791, 227, 6);
INSERT INTO Utilizacoes (Ordem, Cliente, Servico) VALUES (792, 286, 6);
INSERT INTO Utilizacoes (Ordem, Cliente, Servico) VALUES (793, 137, 7);
INSERT INTO Utilizacoes (Ordem, Cliente, Servico) VALUES (794, 351, 4);
INSERT INTO Utilizacoes (Ordem, Cliente, Servico) VALUES (795, 153, 9);
INSERT INTO Utilizacoes (Ordem, Cliente, Servico) VALUES (796, 200, 2);
INSERT INTO Utilizacoes (Ordem, Cliente, Servico) VALUES (797, 360, 9);
INSERT INTO Utilizacoes (Ordem, Cliente, Servico) VALUES (798, 369, 2);
INSERT INTO Utilizacoes (Ordem, Cliente, Servico) VALUES (799, 160, 9);
INSERT INTO Utilizacoes (Ordem, Cliente, Servico) VALUES (800, 387, 2);
INSERT INTO Utilizacoes (Ordem, Cliente, Servico) VALUES (801, 305, 10);
INSERT INTO Utilizacoes (Ordem, Cliente, Servico) VALUES (802, 6, 10);
INSERT INTO Utilizacoes (Ordem, Cliente, Servico) VALUES (803, 11, 4);
INSERT INTO Utilizacoes (Ordem, Cliente, Servico) VALUES (804, 7, 5);
INSERT INTO Utilizacoes (Ordem, Cliente, Servico) VALUES (805, 6, 2);
INSERT INTO Utilizacoes (Ordem, Cliente, Servico) VALUES (806, 309, 4);
INSERT INTO Utilizacoes (Ordem, Cliente, Servico) VALUES (807, 316, 9);
INSERT INTO Utilizacoes (Ordem, Cliente, Servico) VALUES (808, 78, 10);
INSERT INTO Utilizacoes (Ordem, Cliente, Servico) VALUES (809, 279, 9);
INSERT INTO Utilizacoes (Ordem, Cliente, Servico) VALUES (810, 94, 4);
INSERT INTO Utilizacoes (Ordem, Cliente, Servico) VALUES (811, 316, 7);
INSERT INTO Utilizacoes (Ordem, Cliente, Servico) VALUES (812, 358, 10);
INSERT INTO Utilizacoes (Ordem, Cliente, Servico) VALUES (813, 27, 1);
INSERT INTO Utilizacoes (Ordem, Cliente, Servico) VALUES (814, 347, 5);
INSERT INTO Utilizacoes (Ordem, Cliente, Servico) VALUES (815, 237, 10);
INSERT INTO Utilizacoes (Ordem, Cliente, Servico) VALUES (816, 284, 4);
INSERT INTO Utilizacoes (Ordem, Cliente, Servico) VALUES (817, 117, 10);
INSERT INTO Utilizacoes (Ordem, Cliente, Servico) VALUES (818, 28, 4);
INSERT INTO Utilizacoes (Ordem, Cliente, Servico) VALUES (819, 46, 4);
INSERT INTO Utilizacoes (Ordem, Cliente, Servico) VALUES (820, 58, 9);
INSERT INTO Utilizacoes (Ordem, Cliente, Servico) VALUES (821, 352, 3);
INSERT INTO Utilizacoes (Ordem, Cliente, Servico) VALUES (822, 271, 1);
INSERT INTO Utilizacoes (Ordem, Cliente, Servico) VALUES (823, 399, 4);
INSERT INTO Utilizacoes (Ordem, Cliente, Servico) VALUES (824, 76, 8);
INSERT INTO Utilizacoes (Ordem, Cliente, Servico) VALUES (825, 134, 4);
INSERT INTO Utilizacoes (Ordem, Cliente, Servico) VALUES (826, 27, 5);
INSERT INTO Utilizacoes (Ordem, Cliente, Servico) VALUES (827, 398, 7);
INSERT INTO Utilizacoes (Ordem, Cliente, Servico) VALUES (828, 94, 5);
INSERT INTO Utilizacoes (Ordem, Cliente, Servico) VALUES (829, 311, 4);
INSERT INTO Utilizacoes (Ordem, Cliente, Servico) VALUES (830, 267, 4);
INSERT INTO Utilizacoes (Ordem, Cliente, Servico) VALUES (831, 111, 7);
INSERT INTO Utilizacoes (Ordem, Cliente, Servico) VALUES (832, 225, 4);
INSERT INTO Utilizacoes (Ordem, Cliente, Servico) VALUES (833, 377, 7);
INSERT INTO Utilizacoes (Ordem, Cliente, Servico) VALUES (834, 262, 9);
INSERT INTO Utilizacoes (Ordem, Cliente, Servico) VALUES (835, 395, 2);
INSERT INTO Utilizacoes (Ordem, Cliente, Servico) VALUES (836, 363, 9);
INSERT INTO Utilizacoes (Ordem, Cliente, Servico) VALUES (837, 190, 7);
INSERT INTO Utilizacoes (Ordem, Cliente, Servico) VALUES (838, 345, 10);
INSERT INTO Utilizacoes (Ordem, Cliente, Servico) VALUES (839, 240, 5);
INSERT INTO Utilizacoes (Ordem, Cliente, Servico) VALUES (840, 384, 2);
INSERT INTO Utilizacoes (Ordem, Cliente, Servico) VALUES (841, 39, 1);
INSERT INTO Utilizacoes (Ordem, Cliente, Servico) VALUES (842, 9, 6);
INSERT INTO Utilizacoes (Ordem, Cliente, Servico) VALUES (843, 347, 9);
INSERT INTO Utilizacoes (Ordem, Cliente, Servico) VALUES (844, 319, 10);
INSERT INTO Utilizacoes (Ordem, Cliente, Servico) VALUES (845, 12, 10);
INSERT INTO Utilizacoes (Ordem, Cliente, Servico) VALUES (846, 44, 2);
INSERT INTO Utilizacoes (Ordem, Cliente, Servico) VALUES (847, 278, 7);
INSERT INTO Utilizacoes (Ordem, Cliente, Servico) VALUES (848, 113, 1);
INSERT INTO Utilizacoes (Ordem, Cliente, Servico) VALUES (849, 216, 9);
INSERT INTO Utilizacoes (Ordem, Cliente, Servico) VALUES (850, 225, 7);
INSERT INTO Utilizacoes (Ordem, Cliente, Servico) VALUES (851, 76, 3);
INSERT INTO Utilizacoes (Ordem, Cliente, Servico) VALUES (852, 395, 1);
INSERT INTO Utilizacoes (Ordem, Cliente, Servico) VALUES (853, 2, 9);
INSERT INTO Utilizacoes (Ordem, Cliente, Servico) VALUES (854, 274, 5);
INSERT INTO Utilizacoes (Ordem, Cliente, Servico) VALUES (855, 399, 6);
INSERT INTO Utilizacoes (Ordem, Cliente, Servico) VALUES (856, 227, 5);
INSERT INTO Utilizacoes (Ordem, Cliente, Servico) VALUES (857, 306, 7);
INSERT INTO Utilizacoes (Ordem, Cliente, Servico) VALUES (858, 184, 5);
INSERT INTO Utilizacoes (Ordem, Cliente, Servico) VALUES (859, 91, 1);
INSERT INTO Utilizacoes (Ordem, Cliente, Servico) VALUES (860, 399, 3);
INSERT INTO Utilizacoes (Ordem, Cliente, Servico) VALUES (861, 149, 4);
INSERT INTO Utilizacoes (Ordem, Cliente, Servico) VALUES (862, 371, 2);
INSERT INTO Utilizacoes (Ordem, Cliente, Servico) VALUES (863, 297, 1);
INSERT INTO Utilizacoes (Ordem, Cliente, Servico) VALUES (864, 294, 6);
INSERT INTO Utilizacoes (Ordem, Cliente, Servico) VALUES (865, 357, 9);
INSERT INTO Utilizacoes (Ordem, Cliente, Servico) VALUES (866, 311, 10);
INSERT INTO Utilizacoes (Ordem, Cliente, Servico) VALUES (867, 98, 10);
INSERT INTO Utilizacoes (Ordem, Cliente, Servico) VALUES (868, 58, 9);
INSERT INTO Utilizacoes (Ordem, Cliente, Servico) VALUES (869, 239, 10);
INSERT INTO Utilizacoes (Ordem, Cliente, Servico) VALUES (870, 178, 3);
INSERT INTO Utilizacoes (Ordem, Cliente, Servico) VALUES (871, 86, 8);
INSERT INTO Utilizacoes (Ordem, Cliente, Servico) VALUES (872, 261, 9);
INSERT INTO Utilizacoes (Ordem, Cliente, Servico) VALUES (873, 53, 5);
INSERT INTO Utilizacoes (Ordem, Cliente, Servico) VALUES (874, 226, 5);
INSERT INTO Utilizacoes (Ordem, Cliente, Servico) VALUES (875, 356, 3);
INSERT INTO Utilizacoes (Ordem, Cliente, Servico) VALUES (876, 134, 9);
INSERT INTO Utilizacoes (Ordem, Cliente, Servico) VALUES (877, 332, 7);
INSERT INTO Utilizacoes (Ordem, Cliente, Servico) VALUES (878, 339, 10);
INSERT INTO Utilizacoes (Ordem, Cliente, Servico) VALUES (879, 131, 2);
INSERT INTO Utilizacoes (Ordem, Cliente, Servico) VALUES (880, 364, 9);
INSERT INTO Utilizacoes (Ordem, Cliente, Servico) VALUES (881, 56, 10);
INSERT INTO Utilizacoes (Ordem, Cliente, Servico) VALUES (882, 197, 8);
INSERT INTO Utilizacoes (Ordem, Cliente, Servico) VALUES (883, 146, 7);
INSERT INTO Utilizacoes (Ordem, Cliente, Servico) VALUES (884, 325, 3);
INSERT INTO Utilizacoes (Ordem, Cliente, Servico) VALUES (885, 76, 9);
INSERT INTO Utilizacoes (Ordem, Cliente, Servico) VALUES (886, 235, 8);
INSERT INTO Utilizacoes (Ordem, Cliente, Servico) VALUES (887, 26, 3);
INSERT INTO Utilizacoes (Ordem, Cliente, Servico) VALUES (888, 162, 10);
INSERT INTO Utilizacoes (Ordem, Cliente, Servico) VALUES (889, 11, 5);
INSERT INTO Utilizacoes (Ordem, Cliente, Servico) VALUES (890, 317, 7);
INSERT INTO Utilizacoes (Ordem, Cliente, Servico) VALUES (891, 78, 6);
INSERT INTO Utilizacoes (Ordem, Cliente, Servico) VALUES (892, 356, 8);
INSERT INTO Utilizacoes (Ordem, Cliente, Servico) VALUES (893, 128, 4);
INSERT INTO Utilizacoes (Ordem, Cliente, Servico) VALUES (894, 379, 2);
INSERT INTO Utilizacoes (Ordem, Cliente, Servico) VALUES (895, 94, 10);
INSERT INTO Utilizacoes (Ordem, Cliente, Servico) VALUES (896, 268, 8);
INSERT INTO Utilizacoes (Ordem, Cliente, Servico) VALUES (897, 247, 9);
INSERT INTO Utilizacoes (Ordem, Cliente, Servico) VALUES (898, 367, 7);
INSERT INTO Utilizacoes (Ordem, Cliente, Servico) VALUES (899, 35, 5);
INSERT INTO Utilizacoes (Ordem, Cliente, Servico) VALUES (900, 82, 4);
INSERT INTO Utilizacoes (Ordem, Cliente, Servico) VALUES (901, 336, 2);
INSERT INTO Utilizacoes (Ordem, Cliente, Servico) VALUES (902, 249, 8);
INSERT INTO Utilizacoes (Ordem, Cliente, Servico) VALUES (903, 249, 8);
INSERT INTO Utilizacoes (Ordem, Cliente, Servico) VALUES (904, 105, 7);
INSERT INTO Utilizacoes (Ordem, Cliente, Servico) VALUES (905, 233, 4);
INSERT INTO Utilizacoes (Ordem, Cliente, Servico) VALUES (906, 311, 2);
INSERT INTO Utilizacoes (Ordem, Cliente, Servico) VALUES (907, 295, 2);
INSERT INTO Utilizacoes (Ordem, Cliente, Servico) VALUES (908, 193, 1);
INSERT INTO Utilizacoes (Ordem, Cliente, Servico) VALUES (909, 133, 8);
INSERT INTO Utilizacoes (Ordem, Cliente, Servico) VALUES (910, 301, 7);
INSERT INTO Utilizacoes (Ordem, Cliente, Servico) VALUES (911, 325, 9);
INSERT INTO Utilizacoes (Ordem, Cliente, Servico) VALUES (912, 59, 2);
INSERT INTO Utilizacoes (Ordem, Cliente, Servico) VALUES (913, 1, 2);
INSERT INTO Utilizacoes (Ordem, Cliente, Servico) VALUES (914, 19, 2);
INSERT INTO Utilizacoes (Ordem, Cliente, Servico) VALUES (915, 198, 7);
INSERT INTO Utilizacoes (Ordem, Cliente, Servico) VALUES (916, 350, 7);
INSERT INTO Utilizacoes (Ordem, Cliente, Servico) VALUES (917, 318, 5);
INSERT INTO Utilizacoes (Ordem, Cliente, Servico) VALUES (918, 231, 3);
INSERT INTO Utilizacoes (Ordem, Cliente, Servico) VALUES (919, 121, 6);
INSERT INTO Utilizacoes (Ordem, Cliente, Servico) VALUES (920, 138, 2);
INSERT INTO Utilizacoes (Ordem, Cliente, Servico) VALUES (921, 161, 1);
INSERT INTO Utilizacoes (Ordem, Cliente, Servico) VALUES (922, 75, 1);
INSERT INTO Utilizacoes (Ordem, Cliente, Servico) VALUES (923, 329, 4);
INSERT INTO Utilizacoes (Ordem, Cliente, Servico) VALUES (924, 378, 8);
INSERT INTO Utilizacoes (Ordem, Cliente, Servico) VALUES (925, 247, 10);
INSERT INTO Utilizacoes (Ordem, Cliente, Servico) VALUES (926, 112, 9);
INSERT INTO Utilizacoes (Ordem, Cliente, Servico) VALUES (927, 187, 2);
INSERT INTO Utilizacoes (Ordem, Cliente, Servico) VALUES (928, 60, 10);
INSERT INTO Utilizacoes (Ordem, Cliente, Servico) VALUES (929, 248, 5);
INSERT INTO Utilizacoes (Ordem, Cliente, Servico) VALUES (930, 69, 6);
INSERT INTO Utilizacoes (Ordem, Cliente, Servico) VALUES (931, 235, 1);
INSERT INTO Utilizacoes (Ordem, Cliente, Servico) VALUES (932, 177, 8);
INSERT INTO Utilizacoes (Ordem, Cliente, Servico) VALUES (933, 16, 9);
INSERT INTO Utilizacoes (Ordem, Cliente, Servico) VALUES (934, 226, 8);
INSERT INTO Utilizacoes (Ordem, Cliente, Servico) VALUES (935, 132, 9);
INSERT INTO Utilizacoes (Ordem, Cliente, Servico) VALUES (936, 131, 10);
INSERT INTO Utilizacoes (Ordem, Cliente, Servico) VALUES (937, 122, 2);
INSERT INTO Utilizacoes (Ordem, Cliente, Servico) VALUES (938, 276, 6);
INSERT INTO Utilizacoes (Ordem, Cliente, Servico) VALUES (939, 362, 9);
INSERT INTO Utilizacoes (Ordem, Cliente, Servico) VALUES (940, 22, 9);
INSERT INTO Utilizacoes (Ordem, Cliente, Servico) VALUES (941, 96, 1);
INSERT INTO Utilizacoes (Ordem, Cliente, Servico) VALUES (942, 201, 7);
INSERT INTO Utilizacoes (Ordem, Cliente, Servico) VALUES (943, 184, 2);
INSERT INTO Utilizacoes (Ordem, Cliente, Servico) VALUES (944, 366, 2);
INSERT INTO Utilizacoes (Ordem, Cliente, Servico) VALUES (945, 389, 6);
INSERT INTO Utilizacoes (Ordem, Cliente, Servico) VALUES (946, 314, 9);
INSERT INTO Utilizacoes (Ordem, Cliente, Servico) VALUES (947, 29, 5);
INSERT INTO Utilizacoes (Ordem, Cliente, Servico) VALUES (948, 373, 7);
INSERT INTO Utilizacoes (Ordem, Cliente, Servico) VALUES (949, 383, 4);
INSERT INTO Utilizacoes (Ordem, Cliente, Servico) VALUES (950, 34, 10);
INSERT INTO Utilizacoes (Ordem, Cliente, Servico) VALUES (951, 253, 5);
INSERT INTO Utilizacoes (Ordem, Cliente, Servico) VALUES (952, 186, 2);
INSERT INTO Utilizacoes (Ordem, Cliente, Servico) VALUES (953, 197, 8);
INSERT INTO Utilizacoes (Ordem, Cliente, Servico) VALUES (954, 90, 2);
INSERT INTO Utilizacoes (Ordem, Cliente, Servico) VALUES (955, 69, 10);
INSERT INTO Utilizacoes (Ordem, Cliente, Servico) VALUES (956, 366, 6);
INSERT INTO Utilizacoes (Ordem, Cliente, Servico) VALUES (957, 187, 9);
INSERT INTO Utilizacoes (Ordem, Cliente, Servico) VALUES (958, 52, 1);
INSERT INTO Utilizacoes (Ordem, Cliente, Servico) VALUES (959, 1, 10);
INSERT INTO Utilizacoes (Ordem, Cliente, Servico) VALUES (960, 297, 4);
INSERT INTO Utilizacoes (Ordem, Cliente, Servico) VALUES (961, 34, 1);
INSERT INTO Utilizacoes (Ordem, Cliente, Servico) VALUES (962, 29, 4);
INSERT INTO Utilizacoes (Ordem, Cliente, Servico) VALUES (963, 205, 10);
INSERT INTO Utilizacoes (Ordem, Cliente, Servico) VALUES (964, 188, 9);
INSERT INTO Utilizacoes (Ordem, Cliente, Servico) VALUES (965, 51, 6);
INSERT INTO Utilizacoes (Ordem, Cliente, Servico) VALUES (966, 329, 5);
INSERT INTO Utilizacoes (Ordem, Cliente, Servico) VALUES (967, 369, 10);
INSERT INTO Utilizacoes (Ordem, Cliente, Servico) VALUES (968, 74, 10);
INSERT INTO Utilizacoes (Ordem, Cliente, Servico) VALUES (969, 116, 10);
INSERT INTO Utilizacoes (Ordem, Cliente, Servico) VALUES (970, 177, 4);
INSERT INTO Utilizacoes (Ordem, Cliente, Servico) VALUES (971, 78, 10);
INSERT INTO Utilizacoes (Ordem, Cliente, Servico) VALUES (972, 127, 8);
INSERT INTO Utilizacoes (Ordem, Cliente, Servico) VALUES (973, 136, 9);
INSERT INTO Utilizacoes (Ordem, Cliente, Servico) VALUES (974, 288, 4);
INSERT INTO Utilizacoes (Ordem, Cliente, Servico) VALUES (975, 350, 3);
INSERT INTO Utilizacoes (Ordem, Cliente, Servico) VALUES (976, 380, 1);
INSERT INTO Utilizacoes (Ordem, Cliente, Servico) VALUES (977, 125, 7);
INSERT INTO Utilizacoes (Ordem, Cliente, Servico) VALUES (978, 121, 5);
INSERT INTO Utilizacoes (Ordem, Cliente, Servico) VALUES (979, 8, 8);
INSERT INTO Utilizacoes (Ordem, Cliente, Servico) VALUES (980, 335, 3);
INSERT INTO Utilizacoes (Ordem, Cliente, Servico) VALUES (981, 313, 9);
INSERT INTO Utilizacoes (Ordem, Cliente, Servico) VALUES (982, 197, 9);
INSERT INTO Utilizacoes (Ordem, Cliente, Servico) VALUES (983, 325, 6);
INSERT INTO Utilizacoes (Ordem, Cliente, Servico) VALUES (984, 34, 8);
INSERT INTO Utilizacoes (Ordem, Cliente, Servico) VALUES (985, 210, 5);
INSERT INTO Utilizacoes (Ordem, Cliente, Servico) VALUES (986, 351, 8);
INSERT INTO Utilizacoes (Ordem, Cliente, Servico) VALUES (987, 269, 2);
INSERT INTO Utilizacoes (Ordem, Cliente, Servico) VALUES (988, 175, 8);
INSERT INTO Utilizacoes (Ordem, Cliente, Servico) VALUES (989, 370, 8);
INSERT INTO Utilizacoes (Ordem, Cliente, Servico) VALUES (990, 45, 8);
INSERT INTO Utilizacoes (Ordem, Cliente, Servico) VALUES (991, 301, 2);
INSERT INTO Utilizacoes (Ordem, Cliente, Servico) VALUES (992, 366, 2);
INSERT INTO Utilizacoes (Ordem, Cliente, Servico) VALUES (993, 169, 3);
INSERT INTO Utilizacoes (Ordem, Cliente, Servico) VALUES (994, 23, 4);
INSERT INTO Utilizacoes (Ordem, Cliente, Servico) VALUES (995, 248, 9);
INSERT INTO Utilizacoes (Ordem, Cliente, Servico) VALUES (996, 20, 9);
INSERT INTO Utilizacoes (Ordem, Cliente, Servico) VALUES (997, 328, 8);
INSERT INTO Utilizacoes (Ordem, Cliente, Servico) VALUES (998, 158, 4);
INSERT INTO Utilizacoes (Ordem, Cliente, Servico) VALUES (999, 184, 6);
INSERT INTO Utilizacoes (Ordem, Cliente, Servico) VALUES (1000, 365, 10);

