INSERT INTO Clientes (Cadastro, Nome, DataNasc, Telefone, Cidade, Sexo) VALUES (1, 'Lucas Campos', '1953-07-29', '(27) 96157-9824', 'Guarulhos', 'M');
INSERT INTO Clientes (Cadastro, Nome, DataNasc, Telefone, Cidade, Sexo) VALUES (2, 'Larissa Oliveira', '1963-11-14', '(16) 92744-3262', 'Curitiba', 'F');
INSERT INTO Clientes (Cadastro, Nome, DataNasc, Telefone, Cidade, Sexo) VALUES (3, 'Camila Rodrigues', '1975-08-23', '(27) 98014-4283', 'Maceió', 'F');
INSERT INTO Clientes (Cadastro, Nome, DataNasc, Telefone, Cidade, Sexo) VALUES (4, 'Vinícius Pereira', '1998-06-29', '(87) 94004-5196', 'Rio de Janeiro', 'F');
INSERT INTO Clientes (Cadastro, Nome, DataNasc, Telefone, Cidade, Sexo) VALUES (5, 'Thiago Barros', '1982-07-01', '(41) 98430-2491', 'Guarulhos', 'M');
INSERT INTO Clientes (Cadastro, Nome, DataNasc, Telefone, Cidade, Sexo) VALUES (6, 'Larissa Fernandes', '1947-11-08', '(34) 95652-5287', 'Recife', 'F');
INSERT INTO Clientes (Cadastro, Nome, DataNasc, Telefone, Cidade, Sexo) VALUES (7, 'Eduardo Rodrigues', '1947-07-03', '(28) 91915-6959', 'Belém', 'F');
INSERT INTO Clientes (Cadastro, Nome, DataNasc, Telefone, Cidade, Sexo) VALUES (8, 'Gustavo Ferreira', '1975-09-07', '(60) 93741-6021', 'Campinas', 'M');
INSERT INTO Clientes (Cadastro, Nome, DataNasc, Telefone, Cidade, Sexo) VALUES (9, 'João Fernandes', '1950-09-26', '(11) 97312-9849', 'Manaus', 'M');
INSERT INTO Clientes (Cadastro, Nome, DataNasc, Telefone, Cidade, Sexo) VALUES (10, 'Roberto Teixeira', '1968-12-27', '(90) 93900-3523', 'Curitiba', 'M');
INSERT INTO Clientes (Cadastro, Nome, DataNasc, Telefone, Cidade, Sexo) VALUES (11, 'Letícia Moura', '1956-10-07', '(22) 98124-7084', 'Belém', 'F');
INSERT INTO Clientes (Cadastro, Nome, DataNasc, Telefone, Cidade, Sexo) VALUES (12, 'Renata Lima', '1959-07-09', '(32) 90437-1427', 'Duque de Caxias', 'F');
INSERT INTO Clientes (Cadastro, Nome, DataNasc, Telefone, Cidade, Sexo) VALUES (13, 'Sérgio Cavalcanti', '1958-04-20', '(46) 93582-8957', 'Maceió', 'F');
INSERT INTO Clientes (Cadastro, Nome, DataNasc, Telefone, Cidade, Sexo) VALUES (14, 'Carlos Oliveira', '1988-11-14', '(55) 90098-5168', 'Natal', 'F');
INSERT INTO Clientes (Cadastro, Nome, DataNasc, Telefone, Cidade, Sexo) VALUES (15, 'Pedro Freitas', '1999-06-02', '(19) 98536-9488', 'Duque de Caxias', 'F');
INSERT INTO Clientes (Cadastro, Nome, DataNasc, Telefone, Cidade, Sexo) VALUES (16, 'Thiago Almeida', '1994-02-15', '(55) 97046-4873', 'Manaus', 'M');
INSERT INTO Clientes (Cadastro, Nome, DataNasc, Telefone, Cidade, Sexo) VALUES (17, 'Felipe Rodrigues', '1964-04-08', '(76) 91878-1222', 'Curitiba', 'F');
INSERT INTO Clientes (Cadastro, Nome, DataNasc, Telefone, Cidade, Sexo) VALUES (18, 'Carlos Medeiros', '1996-03-02', '(86) 90145-3280', 'Belém', 'F');
INSERT INTO Clientes (Cadastro, Nome, DataNasc, Telefone, Cidade, Sexo) VALUES (19, 'Cláudia Pinto', '1977-06-08', '(88) 94518-2656', 'Belo Horizonte', 'F');
INSERT INTO Clientes (Cadastro, Nome, DataNasc, Telefone, Cidade, Sexo) VALUES (20, 'Simone Machado', '2000-03-20', '(16) 98881-3288', 'Salvador', 'M');
INSERT INTO Clientes (Cadastro, Nome, DataNasc, Telefone, Cidade, Sexo) VALUES (21, 'Larissa Vieira', '1985-09-15', '(90) 90972-3545', 'São Luís', 'F');
INSERT INTO Clientes (Cadastro, Nome, DataNasc, Telefone, Cidade, Sexo) VALUES (22, 'Bruno Machado', '1961-04-19', '(68) 96198-3273', 'Manaus', 'F');
INSERT INTO Clientes (Cadastro, Nome, DataNasc, Telefone, Cidade, Sexo) VALUES (23, 'Felipe Mendes', '1995-06-17', '(53) 94850-2276', 'Campo Grande', 'M');
INSERT INTO Clientes (Cadastro, Nome, DataNasc, Telefone, Cidade, Sexo) VALUES (24, 'Letícia Machado', '1964-05-07', '(91) 91194-7372', 'Salvador', 'M');
INSERT INTO Clientes (Cadastro, Nome, DataNasc, Telefone, Cidade, Sexo) VALUES (25, 'André Cavalcanti', '1970-11-18', '(48) 94898-6434', 'Goiânia', 'M');
INSERT INTO Clientes (Cadastro, Nome, DataNasc, Telefone, Cidade, Sexo) VALUES (26, 'Thiago Souza', '1940-01-01', '(88) 94148-4392', 'Belo Horizonte', 'F');
INSERT INTO Clientes (Cadastro, Nome, DataNasc, Telefone, Cidade, Sexo) VALUES (27, 'Aline Pinto', '1962-12-27', '(85) 94395-7379', 'Rio de Janeiro', 'M');
INSERT INTO Clientes (Cadastro, Nome, DataNasc, Telefone, Cidade, Sexo) VALUES (28, 'André Silva', '1990-12-19', '(68) 93604-6620', 'Guarulhos', 'M');
INSERT INTO Clientes (Cadastro, Nome, DataNasc, Telefone, Cidade, Sexo) VALUES (29, 'Letícia Vieira', '1975-01-08', '(78) 92701-3695', 'Porto Alegre', 'F');
INSERT INTO Clientes (Cadastro, Nome, DataNasc, Telefone, Cidade, Sexo) VALUES (30, 'Patrícia Souza', '1983-04-29', '(63) 94186-6355', 'Porto Alegre', 'F');
INSERT INTO Clientes (Cadastro, Nome, DataNasc, Telefone, Cidade, Sexo) VALUES (31, 'Vanessa Pereira', '1949-10-28', '(67) 99041-2810', 'Goiânia', 'M');
INSERT INTO Clientes (Cadastro, Nome, DataNasc, Telefone, Cidade, Sexo) VALUES (32, 'Juliana Teixeira', '1944-08-09', '(52) 91167-6990', 'Belém', 'M');
INSERT INTO Clientes (Cadastro, Nome, DataNasc, Telefone, Cidade, Sexo) VALUES (33, 'Rodrigo Gomes', '1972-09-27', '(56) 97487-4630', 'Brasília', 'F');
INSERT INTO Clientes (Cadastro, Nome, DataNasc, Telefone, Cidade, Sexo) VALUES (34, 'Gabriela Oliveira', '1945-10-11', '(73) 99502-1996', 'Recife', 'M');
INSERT INTO Clientes (Cadastro, Nome, DataNasc, Telefone, Cidade, Sexo) VALUES (35, 'Gustavo Barbosa', '1964-05-26', '(69) 97735-9005', 'Curitiba', 'M');
INSERT INTO Clientes (Cadastro, Nome, DataNasc, Telefone, Cidade, Sexo) VALUES (36, 'Maria Campos', '1991-04-29', '(80) 95594-8615', 'Maceió', 'F');
INSERT INTO Clientes (Cadastro, Nome, DataNasc, Telefone, Cidade, Sexo) VALUES (37, 'Rafael Machado', '1953-07-10', '(10) 94267-5455', 'São Gonçalo', 'M');
INSERT INTO Clientes (Cadastro, Nome, DataNasc, Telefone, Cidade, Sexo) VALUES (38, 'Carla Nascimento', '1964-03-08', '(62) 96360-9358', 'Curitiba', 'F');
INSERT INTO Clientes (Cadastro, Nome, DataNasc, Telefone, Cidade, Sexo) VALUES (39, 'Carlos Araujo', '1953-10-19', '(78) 96522-7144', 'Salvador', 'M');
INSERT INTO Clientes (Cadastro, Nome, DataNasc, Telefone, Cidade, Sexo) VALUES (40, 'Pedro Nascimento', '1978-06-18', '(90) 95368-6519', 'Duque de Caxias', 'M');
INSERT INTO Clientes (Cadastro, Nome, DataNasc, Telefone, Cidade, Sexo) VALUES (41, 'João Moura', '1981-12-28', '(25) 92454-3360', 'Belém', 'F');
INSERT INTO Clientes (Cadastro, Nome, DataNasc, Telefone, Cidade, Sexo) VALUES (42, 'Carla Almeida', '2002-10-03', '(38) 98644-3681', 'Curitiba', 'M');
INSERT INTO Clientes (Cadastro, Nome, DataNasc, Telefone, Cidade, Sexo) VALUES (43, 'Paula Santos', '2000-08-02', '(39) 94105-5057', 'Rio de Janeiro', 'F');
INSERT INTO Clientes (Cadastro, Nome, DataNasc, Telefone, Cidade, Sexo) VALUES (44, 'Juliana Duarte', '1989-04-07', '(55) 96914-6709', 'Belo Horizonte', 'M');
INSERT INTO Clientes (Cadastro, Nome, DataNasc, Telefone, Cidade, Sexo) VALUES (45, 'Felipe Pereira', '1968-03-10', '(21) 93360-5491', 'Maceió', 'M');
INSERT INTO Clientes (Cadastro, Nome, DataNasc, Telefone, Cidade, Sexo) VALUES (46, 'Thiago Moura', '1991-12-02', '(43) 90721-8908', 'Porto Alegre', 'F');
INSERT INTO Clientes (Cadastro, Nome, DataNasc, Telefone, Cidade, Sexo) VALUES (47, 'Carla Araujo', '1972-02-27', '(54) 91169-1022', 'Campo Grande', 'F');
INSERT INTO Clientes (Cadastro, Nome, DataNasc, Telefone, Cidade, Sexo) VALUES (48, 'Natália Silva', '1998-03-29', '(52) 98682-7182', 'Goiânia', 'M');
INSERT INTO Clientes (Cadastro, Nome, DataNasc, Telefone, Cidade, Sexo) VALUES (49, 'Sérgio Figueiredo', '2005-03-31', '(31) 92691-5972', 'Maceió', 'M');
INSERT INTO Clientes (Cadastro, Nome, DataNasc, Telefone, Cidade, Sexo) VALUES (50, 'Carla Machado', '1988-12-26', '(93) 94630-2389', 'São Luís', 'F');
INSERT INTO Clientes (Cadastro, Nome, DataNasc, Telefone, Cidade, Sexo) VALUES (51, 'Natália Fernandes', '1971-04-22', '(65) 95878-3327', 'Curitiba', 'M');
INSERT INTO Clientes (Cadastro, Nome, DataNasc, Telefone, Cidade, Sexo) VALUES (52, 'Rafael Barros', '1978-05-29', '(70) 99728-2459', 'Campo Grande', 'M');
INSERT INTO Clientes (Cadastro, Nome, DataNasc, Telefone, Cidade, Sexo) VALUES (53, 'Larissa Freitas', '1981-02-07', '(96) 93797-1050', 'São Paulo', 'F');
INSERT INTO Clientes (Cadastro, Nome, DataNasc, Telefone, Cidade, Sexo) VALUES (54, 'Juliana Figueiredo', '1958-06-07', '(93) 97312-1392', 'Duque de Caxias', 'F');
INSERT INTO Clientes (Cadastro, Nome, DataNasc, Telefone, Cidade, Sexo) VALUES (55, 'Bruno Duarte', '1959-07-03', '(22) 94428-1953', 'Porto Alegre', 'M');
INSERT INTO Clientes (Cadastro, Nome, DataNasc, Telefone, Cidade, Sexo) VALUES (56, 'Eduardo Gomes', '1963-01-30', '(28) 99348-6515', 'São Paulo', 'F');
INSERT INTO Clientes (Cadastro, Nome, DataNasc, Telefone, Cidade, Sexo) VALUES (57, 'Thiago Freitas', '1989-09-07', '(70) 94877-8358', 'São Luís', 'M');
INSERT INTO Clientes (Cadastro, Nome, DataNasc, Telefone, Cidade, Sexo) VALUES (58, 'Ana Pinto', '1984-07-10', '(74) 90264-1664', 'Fortaleza', 'M');
INSERT INTO Clientes (Cadastro, Nome, DataNasc, Telefone, Cidade, Sexo) VALUES (59, 'Thiago Costa', '1966-12-08', '(74) 96557-9626', 'Salvador', 'M');
INSERT INTO Clientes (Cadastro, Nome, DataNasc, Telefone, Cidade, Sexo) VALUES (60, 'Vinícius Rodrigues', '2005-09-21', '(64) 90009-3181', 'Goiânia', 'F');
INSERT INTO Clientes (Cadastro, Nome, DataNasc, Telefone, Cidade, Sexo) VALUES (61, 'Ana Pereira', '1966-04-27', '(41) 98522-3230', 'Salvador', 'M');
INSERT INTO Clientes (Cadastro, Nome, DataNasc, Telefone, Cidade, Sexo) VALUES (62, 'Renata Silva', '1962-03-30', '(18) 95892-7874', 'Recife', 'M');
INSERT INTO Clientes (Cadastro, Nome, DataNasc, Telefone, Cidade, Sexo) VALUES (63, 'Sérgio Rodrigues', '1964-12-13', '(97) 98578-1914', 'São Gonçalo', 'M');
INSERT INTO Clientes (Cadastro, Nome, DataNasc, Telefone, Cidade, Sexo) VALUES (64, 'Ricardo Gomes', '1951-11-20', '(13) 95436-8411', 'Duque de Caxias', 'M');
INSERT INTO Clientes (Cadastro, Nome, DataNasc, Telefone, Cidade, Sexo) VALUES (65, 'Vinícius Gomes', '1948-12-08', '(24) 91636-6990', 'Curitiba', 'M');
INSERT INTO Clientes (Cadastro, Nome, DataNasc, Telefone, Cidade, Sexo) VALUES (66, 'Patrícia Medeiros', '1996-11-04', '(34) 99512-9152', 'Fortaleza', 'M');
INSERT INTO Clientes (Cadastro, Nome, DataNasc, Telefone, Cidade, Sexo) VALUES (67, 'Larissa Duarte', '1999-05-31', '(80) 99388-7089', 'Campinas', 'F');
INSERT INTO Clientes (Cadastro, Nome, DataNasc, Telefone, Cidade, Sexo) VALUES (68, 'Felipe Vieira', '1959-12-27', '(26) 97006-5880', 'Guarulhos', 'M');
INSERT INTO Clientes (Cadastro, Nome, DataNasc, Telefone, Cidade, Sexo) VALUES (69, 'Ricardo Nascimento', '1946-11-04', '(92) 94532-5475', 'São Luís', 'F');
INSERT INTO Clientes (Cadastro, Nome, DataNasc, Telefone, Cidade, Sexo) VALUES (70, 'Carla Lima', '1999-08-16', '(34) 95244-2197', 'Natal', 'F');
INSERT INTO Clientes (Cadastro, Nome, DataNasc, Telefone, Cidade, Sexo) VALUES (71, 'Carla Santos', '1976-07-13', '(10) 98766-8983', 'Porto Alegre', 'F');
INSERT INTO Clientes (Cadastro, Nome, DataNasc, Telefone, Cidade, Sexo) VALUES (72, 'Vinícius Araujo', '1996-03-13', '(36) 98938-7385', 'Maceió', 'M');
INSERT INTO Clientes (Cadastro, Nome, DataNasc, Telefone, Cidade, Sexo) VALUES (73, 'Carla Monteiro', '1949-01-14', '(18) 99458-2217', 'Campinas', 'F');
INSERT INTO Clientes (Cadastro, Nome, DataNasc, Telefone, Cidade, Sexo) VALUES (74, 'Carla Duarte', '1949-03-15', '(30) 91610-2936', 'Manaus', 'M');
INSERT INTO Clientes (Cadastro, Nome, DataNasc, Telefone, Cidade, Sexo) VALUES (75, 'Ricardo Castro', '1969-05-14', '(48) 98276-9058', 'Campinas', 'M');
INSERT INTO Clientes (Cadastro, Nome, DataNasc, Telefone, Cidade, Sexo) VALUES (76, 'Marcos Pereira', '1959-12-01', '(65) 96102-5011', 'Campinas', 'M');
INSERT INTO Clientes (Cadastro, Nome, DataNasc, Telefone, Cidade, Sexo) VALUES (77, 'João Ferreira', '1977-12-26', '(69) 99145-2723', 'Belo Horizonte', 'M');
INSERT INTO Clientes (Cadastro, Nome, DataNasc, Telefone, Cidade, Sexo) VALUES (78, 'Carlos Ferreira', '1957-02-16', '(24) 90785-6974', 'Manaus', 'F');
INSERT INTO Clientes (Cadastro, Nome, DataNasc, Telefone, Cidade, Sexo) VALUES (79, 'Ricardo Pinto', '1985-01-07', '(12) 99235-6139', 'Campo Grande', 'M');
INSERT INTO Clientes (Cadastro, Nome, DataNasc, Telefone, Cidade, Sexo) VALUES (80, 'Beatriz Freitas', '1949-10-14', '(97) 95702-2526', 'Maceió', 'M');
INSERT INTO Clientes (Cadastro, Nome, DataNasc, Telefone, Cidade, Sexo) VALUES (81, 'Gustavo Araujo', '1993-06-26', '(34) 94465-1022', 'Manaus', 'M');
INSERT INTO Clientes (Cadastro, Nome, DataNasc, Telefone, Cidade, Sexo) VALUES (82, 'Maria Almeida', '1998-06-09', '(15) 91953-1182', 'Duque de Caxias', 'F');
INSERT INTO Clientes (Cadastro, Nome, DataNasc, Telefone, Cidade, Sexo) VALUES (83, 'Fernanda Barros', '1945-11-23', '(36) 96392-3471', 'Goiânia', 'F');
INSERT INTO Clientes (Cadastro, Nome, DataNasc, Telefone, Cidade, Sexo) VALUES (84, 'Eduardo Medeiros', '1960-03-07', '(68) 95173-9845', 'Natal', 'F');
INSERT INTO Clientes (Cadastro, Nome, DataNasc, Telefone, Cidade, Sexo) VALUES (85, 'Carlos Ribeiro', '1961-06-09', '(33) 97818-1856', 'Fortaleza', 'M');
INSERT INTO Clientes (Cadastro, Nome, DataNasc, Telefone, Cidade, Sexo) VALUES (86, 'João Mendes', '1963-05-14', '(20) 95614-5951', 'São Gonçalo', 'M');
INSERT INTO Clientes (Cadastro, Nome, DataNasc, Telefone, Cidade, Sexo) VALUES (87, 'Eduardo Silva', '1969-03-09', '(48) 96014-2804', 'Belo Horizonte', 'M');
INSERT INTO Clientes (Cadastro, Nome, DataNasc, Telefone, Cidade, Sexo) VALUES (88, 'Gabriela Vieira', '1950-02-20', '(85) 96127-6915', 'Manaus', 'M');
INSERT INTO Clientes (Cadastro, Nome, DataNasc, Telefone, Cidade, Sexo) VALUES (89, 'Beatriz Teixeira', '1999-09-23', '(59) 97812-4297', 'Goiânia', 'F');
INSERT INTO Clientes (Cadastro, Nome, DataNasc, Telefone, Cidade, Sexo) VALUES (90, 'Beatriz Almeida', '1974-01-02', '(12) 98621-2068', 'Brasília', 'M');
INSERT INTO Clientes (Cadastro, Nome, DataNasc, Telefone, Cidade, Sexo) VALUES (91, 'Paula Medeiros', '1962-10-28', '(91) 94725-8652', 'Belo Horizonte', 'M');
INSERT INTO Clientes (Cadastro, Nome, DataNasc, Telefone, Cidade, Sexo) VALUES (92, 'Juliana Campos', '1991-06-11', '(37) 97422-2338', 'Manaus', 'F');
INSERT INTO Clientes (Cadastro, Nome, DataNasc, Telefone, Cidade, Sexo) VALUES (93, 'Patrícia Cavalcanti', '1976-03-03', '(87) 93223-2277', 'Rio de Janeiro', 'M');
INSERT INTO Clientes (Cadastro, Nome, DataNasc, Telefone, Cidade, Sexo) VALUES (94, 'Rafael Ferreira', '1996-07-27', '(64) 90762-8558', 'Salvador', 'F');
INSERT INTO Clientes (Cadastro, Nome, DataNasc, Telefone, Cidade, Sexo) VALUES (95, 'João Machado', '1963-03-13', '(52) 99311-2190', 'Brasília', 'F');
INSERT INTO Clientes (Cadastro, Nome, DataNasc, Telefone, Cidade, Sexo) VALUES (96, 'Carlos Pereira', '1973-07-17', '(24) 99506-5201', 'Salvador', 'M');
INSERT INTO Clientes (Cadastro, Nome, DataNasc, Telefone, Cidade, Sexo) VALUES (97, 'Letícia Ribeiro', '1962-10-10', '(65) 92440-1533', 'Fortaleza', 'F');
INSERT INTO Clientes (Cadastro, Nome, DataNasc, Telefone, Cidade, Sexo) VALUES (98, 'Juliana Ferreira', '1997-08-01', '(39) 97555-1110', 'Campo Grande', 'M');
INSERT INTO Clientes (Cadastro, Nome, DataNasc, Telefone, Cidade, Sexo) VALUES (99, 'Carla Barbosa', '1990-06-13', '(46) 90929-3819', 'Campinas', 'F');
INSERT INTO Clientes (Cadastro, Nome, DataNasc, Telefone, Cidade, Sexo) VALUES (100, 'Letícia Ferreira', '1998-04-10', '(98) 90091-1145', 'Recife', 'F');
INSERT INTO Clientes (Cadastro, Nome, DataNasc, Telefone, Cidade, Sexo) VALUES (101, 'Cláudia Barros', '1954-12-12', '(27) 92896-4874', 'Porto Alegre', 'F');
INSERT INTO Clientes (Cadastro, Nome, DataNasc, Telefone, Cidade, Sexo) VALUES (102, 'Thiago Ferreira', '1989-08-18', '(73) 91027-8222', 'Recife', 'M');
INSERT INTO Clientes (Cadastro, Nome, DataNasc, Telefone, Cidade, Sexo) VALUES (103, 'Lucas Duarte', '1949-07-13', '(97) 91254-9134', 'Belo Horizonte', 'M');
INSERT INTO Clientes (Cadastro, Nome, DataNasc, Telefone, Cidade, Sexo) VALUES (104, 'Marcos Santos', '2001-02-14', '(46) 91761-5623', 'Maceió', 'M');
INSERT INTO Clientes (Cadastro, Nome, DataNasc, Telefone, Cidade, Sexo) VALUES (105, 'Eduardo Lima', '1956-07-22', '(52) 95094-9480', 'Fortaleza', 'F');
INSERT INTO Clientes (Cadastro, Nome, DataNasc, Telefone, Cidade, Sexo) VALUES (106, 'Cláudia Ferreira', '1987-04-01', '(74) 91796-9916', 'Manaus', 'F');
INSERT INTO Clientes (Cadastro, Nome, DataNasc, Telefone, Cidade, Sexo) VALUES (107, 'Luiz Figueiredo', '1954-12-17', '(67) 90978-1145', 'Guarulhos', 'M');
INSERT INTO Clientes (Cadastro, Nome, DataNasc, Telefone, Cidade, Sexo) VALUES (108, 'Thiago Oliveira', '1983-01-29', '(42) 99921-2083', 'São Paulo', 'M');
INSERT INTO Clientes (Cadastro, Nome, DataNasc, Telefone, Cidade, Sexo) VALUES (109, 'André Gomes', '1967-05-10', '(86) 93415-1626', 'Fortaleza', 'M');
INSERT INTO Clientes (Cadastro, Nome, DataNasc, Telefone, Cidade, Sexo) VALUES (110, 'Roberto Barros', '1965-08-11', '(84) 94881-4846', 'Campo Grande', 'M');
INSERT INTO Clientes (Cadastro, Nome, DataNasc, Telefone, Cidade, Sexo) VALUES (111, 'Thiago Araujo', '1977-05-02', '(66) 98526-3893', 'Manaus', 'F');
INSERT INTO Clientes (Cadastro, Nome, DataNasc, Telefone, Cidade, Sexo) VALUES (112, 'Carlos Campos', '1988-09-26', '(70) 93313-9008', 'Brasília', 'M');
INSERT INTO Clientes (Cadastro, Nome, DataNasc, Telefone, Cidade, Sexo) VALUES (113, 'João Vieira', '1991-02-11', '(21) 91396-2918', 'Duque de Caxias', 'M');
INSERT INTO Clientes (Cadastro, Nome, DataNasc, Telefone, Cidade, Sexo) VALUES (114, 'Rodrigo Cavalcanti', '1967-02-15', '(82) 95831-8133', 'São Luís', 'F');
INSERT INTO Clientes (Cadastro, Nome, DataNasc, Telefone, Cidade, Sexo) VALUES (115, 'Lucas Teixeira', '1981-07-30', '(74) 99486-1350', 'Campo Grande', 'F');
INSERT INTO Clientes (Cadastro, Nome, DataNasc, Telefone, Cidade, Sexo) VALUES (116, 'Vinícius Barbosa', '1954-01-12', '(42) 93010-8182', 'Guarulhos', 'F');
INSERT INTO Clientes (Cadastro, Nome, DataNasc, Telefone, Cidade, Sexo) VALUES (117, 'Gabriela Campos', '1994-10-25', '(16) 96658-8168', 'Fortaleza', 'F');
INSERT INTO Clientes (Cadastro, Nome, DataNasc, Telefone, Cidade, Sexo) VALUES (118, 'Paula Castro', '1966-10-02', '(19) 94194-3102', 'Guarulhos', 'M');
INSERT INTO Clientes (Cadastro, Nome, DataNasc, Telefone, Cidade, Sexo) VALUES (119, 'Eduardo Vieira', '1956-11-18', '(20) 90748-1064', 'Goiânia', 'M');
INSERT INTO Clientes (Cadastro, Nome, DataNasc, Telefone, Cidade, Sexo) VALUES (120, 'Lucas Oliveira', '2005-09-23', '(59) 91296-5840', 'Manaus', 'M');
INSERT INTO Clientes (Cadastro, Nome, DataNasc, Telefone, Cidade, Sexo) VALUES (121, 'Patrícia Rodrigues', '1954-06-04', '(92) 94074-5704', 'São Luís', 'F');
INSERT INTO Clientes (Cadastro, Nome, DataNasc, Telefone, Cidade, Sexo) VALUES (122, 'Ricardo Moura', '1974-02-26', '(40) 94341-7166', 'Manaus', 'M');
INSERT INTO Clientes (Cadastro, Nome, DataNasc, Telefone, Cidade, Sexo) VALUES (123, 'Aline Martins', '1974-10-13', '(25) 93436-3912', 'São Paulo', 'M');
INSERT INTO Clientes (Cadastro, Nome, DataNasc, Telefone, Cidade, Sexo) VALUES (124, 'Rafael Rodrigues', '1991-03-22', '(27) 99986-2339', 'São Gonçalo', 'F');
INSERT INTO Clientes (Cadastro, Nome, DataNasc, Telefone, Cidade, Sexo) VALUES (125, 'Larissa Santos', '1968-07-23', '(30) 93236-5848', 'Curitiba', 'M');
INSERT INTO Clientes (Cadastro, Nome, DataNasc, Telefone, Cidade, Sexo) VALUES (126, 'Natália Costa', '1988-10-03', '(38) 94566-4456', 'São Paulo', 'F');
INSERT INTO Clientes (Cadastro, Nome, DataNasc, Telefone, Cidade, Sexo) VALUES (127, 'Vanessa Monteiro', '1959-02-15', '(88) 99456-2315', 'Natal', 'M');
INSERT INTO Clientes (Cadastro, Nome, DataNasc, Telefone, Cidade, Sexo) VALUES (128, 'Roberto Nascimento', '1998-03-11', '(73) 92553-3386', 'Porto Alegre', 'M');
INSERT INTO Clientes (Cadastro, Nome, DataNasc, Telefone, Cidade, Sexo) VALUES (129, 'Simone Souza', '1995-03-23', '(79) 92098-5042', 'Goiânia', 'M');
INSERT INTO Clientes (Cadastro, Nome, DataNasc, Telefone, Cidade, Sexo) VALUES (130, 'Rafael Mendes', '1996-03-30', '(16) 96311-4400', 'Maceió', 'M');
INSERT INTO Clientes (Cadastro, Nome, DataNasc, Telefone, Cidade, Sexo) VALUES (131, 'Vanessa Vieira', '1995-05-08', '(68) 99666-2485', 'Salvador', 'F');
INSERT INTO Clientes (Cadastro, Nome, DataNasc, Telefone, Cidade, Sexo) VALUES (132, 'Aline Castro', '1957-02-02', '(15) 94980-2990', 'Campinas', 'F');
INSERT INTO Clientes (Cadastro, Nome, DataNasc, Telefone, Cidade, Sexo) VALUES (133, 'Felipe Monteiro', '1941-04-24', '(14) 93768-8934', 'Recife', 'F');
INSERT INTO Clientes (Cadastro, Nome, DataNasc, Telefone, Cidade, Sexo) VALUES (134, 'Renata Araujo', '1979-03-30', '(47) 94931-3774', 'São Paulo', 'F');
INSERT INTO Clientes (Cadastro, Nome, DataNasc, Telefone, Cidade, Sexo) VALUES (135, 'Gustavo Mendes', '1996-12-08', '(87) 97108-9987', 'Goiânia', 'M');
INSERT INTO Clientes (Cadastro, Nome, DataNasc, Telefone, Cidade, Sexo) VALUES (136, 'Cláudia Lima', '1970-01-05', '(24) 97235-9625', 'Maceió', 'F');
INSERT INTO Clientes (Cadastro, Nome, DataNasc, Telefone, Cidade, Sexo) VALUES (137, 'João Costa', '1950-12-01', '(46) 98126-3064', 'Fortaleza', 'M');
INSERT INTO Clientes (Cadastro, Nome, DataNasc, Telefone, Cidade, Sexo) VALUES (138, 'Simone Fernandes', '1989-07-04', '(80) 94410-7532', 'Manaus', 'M');
INSERT INTO Clientes (Cadastro, Nome, DataNasc, Telefone, Cidade, Sexo) VALUES (139, 'Roberto Oliveira', '1968-11-20', '(30) 94413-9839', 'São Luís', 'M');
INSERT INTO Clientes (Cadastro, Nome, DataNasc, Telefone, Cidade, Sexo) VALUES (140, 'Simone Lima', '1976-12-03', '(43) 96633-4078', 'Rio de Janeiro', 'M');
INSERT INTO Clientes (Cadastro, Nome, DataNasc, Telefone, Cidade, Sexo) VALUES (141, 'Paula Oliveira', '1972-09-15', '(54) 91194-7178', 'Brasília', 'M');
INSERT INTO Clientes (Cadastro, Nome, DataNasc, Telefone, Cidade, Sexo) VALUES (142, 'Carlos Mendes', '1941-04-25', '(69) 91469-4730', 'São Gonçalo', 'F');
INSERT INTO Clientes (Cadastro, Nome, DataNasc, Telefone, Cidade, Sexo) VALUES (143, 'Bruno Fernandes', '1988-05-12', '(71) 96481-9902', 'São Luís', 'F');
INSERT INTO Clientes (Cadastro, Nome, DataNasc, Telefone, Cidade, Sexo) VALUES (144, 'Vinícius Teixeira', '1998-02-02', '(64) 91970-8715', 'São Gonçalo', 'F');
INSERT INTO Clientes (Cadastro, Nome, DataNasc, Telefone, Cidade, Sexo) VALUES (145, 'Carla Fernandes', '1968-04-23', '(43) 96178-3082', 'Curitiba', 'F');
INSERT INTO Clientes (Cadastro, Nome, DataNasc, Telefone, Cidade, Sexo) VALUES (146, 'Rafael Moura', '1998-05-01', '(84) 92137-6499', 'Fortaleza', 'F');
INSERT INTO Clientes (Cadastro, Nome, DataNasc, Telefone, Cidade, Sexo) VALUES (147, 'Ana Fernandes', '1959-10-21', '(63) 90398-9962', 'Duque de Caxias', 'M');
INSERT INTO Clientes (Cadastro, Nome, DataNasc, Telefone, Cidade, Sexo) VALUES (148, 'Vinícius Almeida', '1944-02-12', '(93) 91012-6571', 'Belém', 'M');
INSERT INTO Clientes (Cadastro, Nome, DataNasc, Telefone, Cidade, Sexo) VALUES (149, 'Fernanda Teixeira', '1995-01-23', '(38) 96148-2148', 'Guarulhos', 'M');
INSERT INTO Clientes (Cadastro, Nome, DataNasc, Telefone, Cidade, Sexo) VALUES (150, 'Natália Cavalcanti', '1951-05-29', '(19) 91855-6148', 'Natal', 'F');
INSERT INTO Clientes (Cadastro, Nome, DataNasc, Telefone, Cidade, Sexo) VALUES (151, 'Maria Duarte', '1972-04-06', '(31) 94748-7260', 'Fortaleza', 'M');
INSERT INTO Clientes (Cadastro, Nome, DataNasc, Telefone, Cidade, Sexo) VALUES (152, 'Fernanda Araujo', '1966-03-26', '(60) 95805-6443', 'Recife', 'M');
INSERT INTO Clientes (Cadastro, Nome, DataNasc, Telefone, Cidade, Sexo) VALUES (153, 'Pedro Araujo', '1999-01-24', '(41) 91000-5242', 'Recife', 'M');
INSERT INTO Clientes (Cadastro, Nome, DataNasc, Telefone, Cidade, Sexo) VALUES (154, 'Simone Oliveira', '1945-06-07', '(10) 95120-5768', 'Goiânia', 'M');
INSERT INTO Clientes (Cadastro, Nome, DataNasc, Telefone, Cidade, Sexo) VALUES (155, 'Patrícia Nascimento', '1977-03-24', '(93) 97802-8255', 'Duque de Caxias', 'M');
INSERT INTO Clientes (Cadastro, Nome, DataNasc, Telefone, Cidade, Sexo) VALUES (156, 'Renata Castro', '1988-03-01', '(44) 94475-8375', 'Campinas', 'F');
INSERT INTO Clientes (Cadastro, Nome, DataNasc, Telefone, Cidade, Sexo) VALUES (157, 'Beatriz Barbosa', '1973-08-10', '(85) 91591-7392', 'Brasília', 'M');
INSERT INTO Clientes (Cadastro, Nome, DataNasc, Telefone, Cidade, Sexo) VALUES (158, 'Rafael Silva', '1974-09-28', '(99) 98408-7742', 'Guarulhos', 'M');
INSERT INTO Clientes (Cadastro, Nome, DataNasc, Telefone, Cidade, Sexo) VALUES (159, 'Gustavo Costa', '2004-11-10', '(28) 90691-1802', 'Belo Horizonte', 'F');
INSERT INTO Clientes (Cadastro, Nome, DataNasc, Telefone, Cidade, Sexo) VALUES (160, 'Eduardo Oliveira', '2002-11-06', '(47) 99623-4548', 'Recife', 'F');
INSERT INTO Clientes (Cadastro, Nome, DataNasc, Telefone, Cidade, Sexo) VALUES (161, 'André Medeiros', '1963-09-04', '(36) 99380-8587', 'Rio de Janeiro', 'M');
INSERT INTO Clientes (Cadastro, Nome, DataNasc, Telefone, Cidade, Sexo) VALUES (162, 'Carlos Fernandes', '1990-09-28', '(34) 96266-3641', 'São Gonçalo', 'M');
INSERT INTO Clientes (Cadastro, Nome, DataNasc, Telefone, Cidade, Sexo) VALUES (163, 'Lucas Costa', '1971-09-20', '(52) 90070-7176', 'Rio de Janeiro', 'F');
INSERT INTO Clientes (Cadastro, Nome, DataNasc, Telefone, Cidade, Sexo) VALUES (164, 'Vinícius Silva', '1944-04-19', '(65) 94173-7275', 'São Paulo', 'M');
INSERT INTO Clientes (Cadastro, Nome, DataNasc, Telefone, Cidade, Sexo) VALUES (165, 'Carlos Castro', '1979-08-22', '(83) 91725-1882', 'Fortaleza', 'F');
INSERT INTO Clientes (Cadastro, Nome, DataNasc, Telefone, Cidade, Sexo) VALUES (166, 'Cláudia Almeida', '1986-03-13', '(12) 95769-5983', 'Campinas', 'M');
INSERT INTO Clientes (Cadastro, Nome, DataNasc, Telefone, Cidade, Sexo) VALUES (167, 'Gabriela Pereira', '1959-10-15', '(90) 97519-1748', 'Campo Grande', 'M');
INSERT INTO Clientes (Cadastro, Nome, DataNasc, Telefone, Cidade, Sexo) VALUES (168, 'Renata Costa', '1996-10-09', '(13) 99276-3668', 'Belo Horizonte', 'F');
INSERT INTO Clientes (Cadastro, Nome, DataNasc, Telefone, Cidade, Sexo) VALUES (169, 'Letícia Monteiro', '1999-07-16', '(84) 97069-6542', 'Rio de Janeiro', 'M');
INSERT INTO Clientes (Cadastro, Nome, DataNasc, Telefone, Cidade, Sexo) VALUES (170, 'Ricardo Martins', '1953-11-19', '(86) 94227-2776', 'Porto Alegre', 'M');
INSERT INTO Clientes (Cadastro, Nome, DataNasc, Telefone, Cidade, Sexo) VALUES (171, 'Lucas Monteiro', '1942-04-04', '(21) 92842-7043', 'Maceió', 'M');
INSERT INTO Clientes (Cadastro, Nome, DataNasc, Telefone, Cidade, Sexo) VALUES (172, 'Marcos Cardoso', '1990-01-04', '(88) 96390-6548', 'Belo Horizonte', 'M');
INSERT INTO Clientes (Cadastro, Nome, DataNasc, Telefone, Cidade, Sexo) VALUES (173, 'Renata Santos', '1968-04-03', '(22) 91905-4549', 'Salvador', 'M');
INSERT INTO Clientes (Cadastro, Nome, DataNasc, Telefone, Cidade, Sexo) VALUES (174, 'Juliana Pereira', '1980-08-29', '(14) 90338-6216', 'Campo Grande', 'F');
INSERT INTO Clientes (Cadastro, Nome, DataNasc, Telefone, Cidade, Sexo) VALUES (175, 'Eduardo Souza', '2001-09-27', '(69) 91951-2051', 'São Luís', 'F');
INSERT INTO Clientes (Cadastro, Nome, DataNasc, Telefone, Cidade, Sexo) VALUES (176, 'Natália Ribeiro', '1943-12-31', '(51) 90652-4876', 'Guarulhos', 'F');
INSERT INTO Clientes (Cadastro, Nome, DataNasc, Telefone, Cidade, Sexo) VALUES (177, 'Beatriz Cavalcanti', '1966-11-04', '(13) 99260-9001', 'Guarulhos', 'F');
INSERT INTO Clientes (Cadastro, Nome, DataNasc, Telefone, Cidade, Sexo) VALUES (178, 'Bruno Barros', '1943-05-10', '(98) 91942-5006', 'Campo Grande', 'M');
INSERT INTO Clientes (Cadastro, Nome, DataNasc, Telefone, Cidade, Sexo) VALUES (179, 'Marcos Machado', '1989-02-08', '(75) 96140-8202', 'Maceió', 'F');
INSERT INTO Clientes (Cadastro, Nome, DataNasc, Telefone, Cidade, Sexo) VALUES (180, 'Vanessa Figueiredo', '1970-02-11', '(45) 99757-3633', 'Guarulhos', 'M');
INSERT INTO Clientes (Cadastro, Nome, DataNasc, Telefone, Cidade, Sexo) VALUES (181, 'Carlos Silva', '1986-11-27', '(76) 91854-5739', 'Recife', 'F');
INSERT INTO Clientes (Cadastro, Nome, DataNasc, Telefone, Cidade, Sexo) VALUES (182, 'Aline Lima', '1967-04-27', '(78) 98036-9455', 'Campo Grande', 'M');
INSERT INTO Clientes (Cadastro, Nome, DataNasc, Telefone, Cidade, Sexo) VALUES (183, 'Bruno Barbosa', '1953-03-30', '(92) 93787-5604', 'Maceió', 'M');
INSERT INTO Clientes (Cadastro, Nome, DataNasc, Telefone, Cidade, Sexo) VALUES (184, 'Felipe Almeida', '1993-09-27', '(71) 98446-4858', 'Duque de Caxias', 'F');
INSERT INTO Clientes (Cadastro, Nome, DataNasc, Telefone, Cidade, Sexo) VALUES (185, 'Camila Lima', '1945-05-03', '(16) 97226-3552', 'Brasília', 'M');
INSERT INTO Clientes (Cadastro, Nome, DataNasc, Telefone, Cidade, Sexo) VALUES (186, 'Juliana Mendes', '2001-12-07', '(13) 97686-1663', 'Porto Alegre', 'M');
INSERT INTO Clientes (Cadastro, Nome, DataNasc, Telefone, Cidade, Sexo) VALUES (187, 'Cláudia Pereira', '1973-09-28', '(94) 98324-6199', 'Campo Grande', 'M');
INSERT INTO Clientes (Cadastro, Nome, DataNasc, Telefone, Cidade, Sexo) VALUES (188, 'Paula Araujo', '1954-08-27', '(83) 97628-5048', 'Campo Grande', 'M');
INSERT INTO Clientes (Cadastro, Nome, DataNasc, Telefone, Cidade, Sexo) VALUES (189, 'Fernanda Machado', '1985-06-17', '(80) 94846-8271', 'São Paulo', 'F');
INSERT INTO Clientes (Cadastro, Nome, DataNasc, Telefone, Cidade, Sexo) VALUES (190, 'João Souza', '1993-04-03', '(40) 97741-8174', 'Campo Grande', 'F');
INSERT INTO Clientes (Cadastro, Nome, DataNasc, Telefone, Cidade, Sexo) VALUES (191, 'Letícia Costa', '1949-09-02', '(25) 96383-9025', 'Natal', 'M');
INSERT INTO Clientes (Cadastro, Nome, DataNasc, Telefone, Cidade, Sexo) VALUES (192, 'Fernanda Castro', '2003-11-22', '(90) 98603-7153', 'Campo Grande', 'M');
INSERT INTO Clientes (Cadastro, Nome, DataNasc, Telefone, Cidade, Sexo) VALUES (193, 'Marcos Rodrigues', '1977-12-07', '(24) 93757-2145', 'Porto Alegre', 'F');
INSERT INTO Clientes (Cadastro, Nome, DataNasc, Telefone, Cidade, Sexo) VALUES (194, 'Roberto Monteiro', '1958-09-15', '(73) 95219-8710', 'Guarulhos', 'M');
INSERT INTO Clientes (Cadastro, Nome, DataNasc, Telefone, Cidade, Sexo) VALUES (195, 'Cláudia Rodrigues', '1977-11-25', '(65) 95379-2844', 'Fortaleza', 'F');
INSERT INTO Clientes (Cadastro, Nome, DataNasc, Telefone, Cidade, Sexo) VALUES (196, 'Pedro Castro', '1985-02-06', '(24) 97187-2235', 'São Paulo', 'M');
INSERT INTO Clientes (Cadastro, Nome, DataNasc, Telefone, Cidade, Sexo) VALUES (197, 'Marcos Cavalcanti', '1966-08-19', '(11) 96303-6619', 'Recife', 'M');
INSERT INTO Clientes (Cadastro, Nome, DataNasc, Telefone, Cidade, Sexo) VALUES (198, 'Camila Cardoso', '1945-06-24', '(23) 93832-4006', 'São Paulo', 'M');
INSERT INTO Clientes (Cadastro, Nome, DataNasc, Telefone, Cidade, Sexo) VALUES (199, 'Juliana Pinto', '1975-06-02', '(81) 95011-6203', 'Belo Horizonte', 'M');
INSERT INTO Clientes (Cadastro, Nome, DataNasc, Telefone, Cidade, Sexo) VALUES (200, 'Sérgio Ribeiro', '1983-07-04', '(64) 91089-5468', 'Recife', 'M');
INSERT INTO Clientes (Cadastro, Nome, DataNasc, Telefone, Cidade, Sexo) VALUES (201, 'Juliana Moura', '1990-06-21', '(40) 98837-8074', 'Maceió', 'M');
INSERT INTO Clientes (Cadastro, Nome, DataNasc, Telefone, Cidade, Sexo) VALUES (202, 'Lucas Moura', '1955-08-27', '(72) 98750-1469', 'Brasília', 'M');
INSERT INTO Clientes (Cadastro, Nome, DataNasc, Telefone, Cidade, Sexo) VALUES (203, 'Carlos Martins', '1956-09-25', '(61) 90929-2244', 'Brasília', 'F');
INSERT INTO Clientes (Cadastro, Nome, DataNasc, Telefone, Cidade, Sexo) VALUES (204, 'Rafael Santos', '1997-02-18', '(23) 96443-2594', 'Guarulhos', 'M');
INSERT INTO Clientes (Cadastro, Nome, DataNasc, Telefone, Cidade, Sexo) VALUES (205, 'Vinícius Vieira', '1980-04-11', '(98) 95017-4646', 'Salvador', 'F');
INSERT INTO Clientes (Cadastro, Nome, DataNasc, Telefone, Cidade, Sexo) VALUES (206, 'Fernanda Campos', '1993-07-16', '(44) 97426-7343', 'Fortaleza', 'F');
INSERT INTO Clientes (Cadastro, Nome, DataNasc, Telefone, Cidade, Sexo) VALUES (207, 'Ricardo Mendes', '1984-01-10', '(97) 96229-3984', 'Brasília', 'M');
INSERT INTO Clientes (Cadastro, Nome, DataNasc, Telefone, Cidade, Sexo) VALUES (208, 'Larissa Ribeiro', '1984-02-06', '(65) 94590-9921', 'São Paulo', 'M');
INSERT INTO Clientes (Cadastro, Nome, DataNasc, Telefone, Cidade, Sexo) VALUES (209, 'Sérgio Nascimento', '1979-05-05', '(17) 95188-4454', 'Maceió', 'M');
INSERT INTO Clientes (Cadastro, Nome, DataNasc, Telefone, Cidade, Sexo) VALUES (210, 'Maria Ribeiro', '1941-10-05', '(64) 98894-3068', 'Campinas', 'M');
INSERT INTO Clientes (Cadastro, Nome, DataNasc, Telefone, Cidade, Sexo) VALUES (211, 'Gabriela Araujo', '1968-04-08', '(63) 95993-3658', 'São Gonçalo', 'M');
INSERT INTO Clientes (Cadastro, Nome, DataNasc, Telefone, Cidade, Sexo) VALUES (212, 'Simone Duarte', '1940-10-30', '(34) 97304-5341', 'Belo Horizonte', 'M');
INSERT INTO Clientes (Cadastro, Nome, DataNasc, Telefone, Cidade, Sexo) VALUES (213, 'Simone Silva', '1992-09-20', '(25) 98094-4564', 'Maceió', 'M');
INSERT INTO Clientes (Cadastro, Nome, DataNasc, Telefone, Cidade, Sexo) VALUES (214, 'Simone Gomes', '2000-11-11', '(72) 91401-4558', 'Brasília', 'M');
INSERT INTO Clientes (Cadastro, Nome, DataNasc, Telefone, Cidade, Sexo) VALUES (215, 'Rodrigo Rodrigues', '1949-03-07', '(87) 95877-5905', 'Rio de Janeiro', 'F');
INSERT INTO Clientes (Cadastro, Nome, DataNasc, Telefone, Cidade, Sexo) VALUES (216, 'Carla Teixeira', '1992-08-14', '(49) 92727-2760', 'Brasília', 'F');
INSERT INTO Clientes (Cadastro, Nome, DataNasc, Telefone, Cidade, Sexo) VALUES (217, 'Simone Martins', '1942-07-17', '(16) 90362-4112', 'Brasília', 'F');
INSERT INTO Clientes (Cadastro, Nome, DataNasc, Telefone, Cidade, Sexo) VALUES (218, 'Luiz Campos', '2001-09-19', '(45) 94348-8688', 'São Luís', 'M');
INSERT INTO Clientes (Cadastro, Nome, DataNasc, Telefone, Cidade, Sexo) VALUES (219, 'Eduardo Mendes', '2003-04-29', '(69) 94763-4106', 'Manaus', 'M');
INSERT INTO Clientes (Cadastro, Nome, DataNasc, Telefone, Cidade, Sexo) VALUES (220, 'Sérgio Moura', '1986-03-24', '(65) 91728-8995', 'Goiânia', 'M');
INSERT INTO Clientes (Cadastro, Nome, DataNasc, Telefone, Cidade, Sexo) VALUES (221, 'Vinícius Martins', '1978-03-06', '(12) 92858-8522', 'Manaus', 'F');
INSERT INTO Clientes (Cadastro, Nome, DataNasc, Telefone, Cidade, Sexo) VALUES (222, 'Gabriela Lima', '1942-11-01', '(38) 95359-5225', 'Manaus', 'F');
INSERT INTO Clientes (Cadastro, Nome, DataNasc, Telefone, Cidade, Sexo) VALUES (223, 'Thiago Teixeira', '1966-11-14', '(81) 96796-8910', 'Recife', 'F');
INSERT INTO Clientes (Cadastro, Nome, DataNasc, Telefone, Cidade, Sexo) VALUES (224, 'Eduardo Castro', '1998-11-22', '(97) 99588-3304', 'Rio de Janeiro', 'F');
INSERT INTO Clientes (Cadastro, Nome, DataNasc, Telefone, Cidade, Sexo) VALUES (225, 'Gabriela Teixeira', '1997-10-11', '(78) 98376-9924', 'Natal', 'M');
INSERT INTO Clientes (Cadastro, Nome, DataNasc, Telefone, Cidade, Sexo) VALUES (226, 'Carlos Duarte', '1941-11-18', '(44) 98049-1415', 'Recife', 'M');
INSERT INTO Clientes (Cadastro, Nome, DataNasc, Telefone, Cidade, Sexo) VALUES (227, 'Patrícia Ferreira', '1968-07-03', '(59) 95257-6487', 'Fortaleza', 'M');
INSERT INTO Clientes (Cadastro, Nome, DataNasc, Telefone, Cidade, Sexo) VALUES (228, 'Juliana Castro', '1967-09-09', '(68) 97225-5619', 'Natal', 'M');
INSERT INTO Clientes (Cadastro, Nome, DataNasc, Telefone, Cidade, Sexo) VALUES (229, 'Lucas Pinto', '1997-11-19', '(16) 94312-2890', 'Belém', 'F');
INSERT INTO Clientes (Cadastro, Nome, DataNasc, Telefone, Cidade, Sexo) VALUES (230, 'Natália Martins', '1953-02-22', '(17) 96949-3666', 'Natal', 'F');
INSERT INTO Clientes (Cadastro, Nome, DataNasc, Telefone, Cidade, Sexo) VALUES (231, 'Maria Barbosa', '1955-10-10', '(54) 97335-7414', 'Brasília', 'F');
INSERT INTO Clientes (Cadastro, Nome, DataNasc, Telefone, Cidade, Sexo) VALUES (232, 'Beatriz Gomes', '1967-04-08', '(77) 92068-4218', 'Porto Alegre', 'F');
INSERT INTO Clientes (Cadastro, Nome, DataNasc, Telefone, Cidade, Sexo) VALUES (233, 'Marcos Silva', '1978-11-05', '(14) 99883-7434', 'Campo Grande', 'F');
INSERT INTO Clientes (Cadastro, Nome, DataNasc, Telefone, Cidade, Sexo) VALUES (234, 'Natália Santos', '1985-09-01', '(38) 96148-4633', 'Campinas', 'M');
INSERT INTO Clientes (Cadastro, Nome, DataNasc, Telefone, Cidade, Sexo) VALUES (235, 'Pedro Rodrigues', '2000-12-10', '(24) 91841-6053', 'Brasília', 'F');
INSERT INTO Clientes (Cadastro, Nome, DataNasc, Telefone, Cidade, Sexo) VALUES (236, 'Rodrigo Barros', '2005-10-16', '(56) 90978-7848', 'Fortaleza', 'F');
INSERT INTO Clientes (Cadastro, Nome, DataNasc, Telefone, Cidade, Sexo) VALUES (237, 'Luiz Lima', '1983-12-12', '(98) 90978-6155', 'Duque de Caxias', 'M');
INSERT INTO Clientes (Cadastro, Nome, DataNasc, Telefone, Cidade, Sexo) VALUES (238, 'Thiago Pereira', '1944-02-23', '(88) 94483-4276', 'São Gonçalo', 'M');
INSERT INTO Clientes (Cadastro, Nome, DataNasc, Telefone, Cidade, Sexo) VALUES (239, 'Marcos Vieira', '1981-06-01', '(20) 95338-1635', 'São Gonçalo', 'M');
INSERT INTO Clientes (Cadastro, Nome, DataNasc, Telefone, Cidade, Sexo) VALUES (240, 'Beatriz Barros', '1961-05-09', '(82) 96700-3397', 'Fortaleza', 'M');
INSERT INTO Clientes (Cadastro, Nome, DataNasc, Telefone, Cidade, Sexo) VALUES (241, 'Natália Pinto', '2003-03-19', '(17) 98515-7880', 'Salvador', 'F');
INSERT INTO Clientes (Cadastro, Nome, DataNasc, Telefone, Cidade, Sexo) VALUES (242, 'Carla Freitas', '1990-08-07', '(97) 99753-6740', 'Rio de Janeiro', 'F');
INSERT INTO Clientes (Cadastro, Nome, DataNasc, Telefone, Cidade, Sexo) VALUES (243, 'Rafael Campos', '1956-11-12', '(95) 97528-2714', 'Manaus', 'F');
INSERT INTO Clientes (Cadastro, Nome, DataNasc, Telefone, Cidade, Sexo) VALUES (244, 'Letícia Castro', '1940-09-24', '(81) 98293-3850', 'Maceió', 'M');
INSERT INTO Clientes (Cadastro, Nome, DataNasc, Telefone, Cidade, Sexo) VALUES (245, 'Carlos Monteiro', '1971-01-30', '(67) 94030-2570', 'Brasília', 'M');
INSERT INTO Clientes (Cadastro, Nome, DataNasc, Telefone, Cidade, Sexo) VALUES (246, 'Aline Figueiredo', '1964-12-21', '(20) 90180-7682', 'Salvador', 'M');
INSERT INTO Clientes (Cadastro, Nome, DataNasc, Telefone, Cidade, Sexo) VALUES (247, 'Roberto Mendes', '1976-10-04', '(85) 97854-4863', 'Brasília', 'M');
INSERT INTO Clientes (Cadastro, Nome, DataNasc, Telefone, Cidade, Sexo) VALUES (248, 'Ricardo Rodrigues', '1989-08-08', '(67) 94670-9094', 'Natal', 'M');
INSERT INTO Clientes (Cadastro, Nome, DataNasc, Telefone, Cidade, Sexo) VALUES (249, 'Felipe Costa', '1992-03-13', '(45) 94440-6483', 'Fortaleza', 'M');
INSERT INTO Clientes (Cadastro, Nome, DataNasc, Telefone, Cidade, Sexo) VALUES (250, 'Carla Castro', '1993-11-05', '(73) 98980-9405', 'Porto Alegre', 'F');
INSERT INTO Clientes (Cadastro, Nome, DataNasc, Telefone, Cidade, Sexo) VALUES (251, 'Gustavo Teixeira', '1999-05-27', '(29) 93364-7859', 'São Paulo', 'F');
INSERT INTO Clientes (Cadastro, Nome, DataNasc, Telefone, Cidade, Sexo) VALUES (252, 'Gustavo Silva', '1964-03-01', '(38) 97332-7876', 'Belo Horizonte', 'M');
INSERT INTO Clientes (Cadastro, Nome, DataNasc, Telefone, Cidade, Sexo) VALUES (253, 'Vanessa Costa', '2001-03-12', '(41) 90550-1208', 'Fortaleza', 'M');
INSERT INTO Clientes (Cadastro, Nome, DataNasc, Telefone, Cidade, Sexo) VALUES (254, 'Marcos Gomes', '1942-04-12', '(68) 91638-1509', 'Goiânia', 'F');
INSERT INTO Clientes (Cadastro, Nome, DataNasc, Telefone, Cidade, Sexo) VALUES (255, 'Pedro Costa', '1982-03-21', '(24) 93444-9965', 'Campo Grande', 'M');
INSERT INTO Clientes (Cadastro, Nome, DataNasc, Telefone, Cidade, Sexo) VALUES (256, 'Lucas Lima', '1979-10-17', '(45) 91983-6076', 'Goiânia', 'F');
INSERT INTO Clientes (Cadastro, Nome, DataNasc, Telefone, Cidade, Sexo) VALUES (257, 'Luiz Mendes', '1962-12-04', '(84) 93491-9364', 'Fortaleza', 'M');
INSERT INTO Clientes (Cadastro, Nome, DataNasc, Telefone, Cidade, Sexo) VALUES (258, 'Lucas Machado', '1979-07-30', '(19) 91425-2619', 'Curitiba', 'M');
INSERT INTO Clientes (Cadastro, Nome, DataNasc, Telefone, Cidade, Sexo) VALUES (259, 'Carlos Santos', '1943-08-05', '(36) 97036-6740', 'Porto Alegre', 'F');
INSERT INTO Clientes (Cadastro, Nome, DataNasc, Telefone, Cidade, Sexo) VALUES (260, 'Maria Cardoso', '1944-03-23', '(13) 98357-8027', 'Maceió', 'F');
INSERT INTO Clientes (Cadastro, Nome, DataNasc, Telefone, Cidade, Sexo) VALUES (261, 'Simone Freitas', '1994-05-31', '(50) 98811-5669', 'Brasília', 'F');
INSERT INTO Clientes (Cadastro, Nome, DataNasc, Telefone, Cidade, Sexo) VALUES (262, 'Fernanda Souza', '1950-09-08', '(67) 93579-7120', 'Porto Alegre', 'F');
INSERT INTO Clientes (Cadastro, Nome, DataNasc, Telefone, Cidade, Sexo) VALUES (263, 'Roberto Silva', '1966-06-30', '(79) 98658-5825', 'São Gonçalo', 'F');
INSERT INTO Clientes (Cadastro, Nome, DataNasc, Telefone, Cidade, Sexo) VALUES (264, 'Bruno Pereira', '2004-04-21', '(82) 95288-3041', 'Rio de Janeiro', 'M');
INSERT INTO Clientes (Cadastro, Nome, DataNasc, Telefone, Cidade, Sexo) VALUES (265, 'Luiz Machado', '1945-09-03', '(65) 99103-1021', 'Rio de Janeiro', 'M');
INSERT INTO Clientes (Cadastro, Nome, DataNasc, Telefone, Cidade, Sexo) VALUES (266, 'João Cavalcanti', '1973-12-07', '(11) 95545-5587', 'Recife', 'M');
INSERT INTO Clientes (Cadastro, Nome, DataNasc, Telefone, Cidade, Sexo) VALUES (267, 'Sérgio Duarte', '1972-12-09', '(72) 98427-5019', 'Brasília', 'F');
INSERT INTO Clientes (Cadastro, Nome, DataNasc, Telefone, Cidade, Sexo) VALUES (268, 'Rafael Barbosa', '1951-12-24', '(46) 97066-8501', 'Belo Horizonte', 'M');
INSERT INTO Clientes (Cadastro, Nome, DataNasc, Telefone, Cidade, Sexo) VALUES (269, 'Natália Castro', '1966-07-19', '(65) 92176-1371', 'Salvador', 'F');
INSERT INTO Clientes (Cadastro, Nome, DataNasc, Telefone, Cidade, Sexo) VALUES (270, 'Roberto Rodrigues', '1969-08-18', '(48) 90584-3256', 'Maceió', 'M');
INSERT INTO Clientes (Cadastro, Nome, DataNasc, Telefone, Cidade, Sexo) VALUES (271, 'Eduardo Monteiro', '1954-05-24', '(44) 94807-8884', 'Campinas', 'M');
INSERT INTO Clientes (Cadastro, Nome, DataNasc, Telefone, Cidade, Sexo) VALUES (272, 'Simone Teixeira', '1983-04-16', '(87) 97324-6701', 'Porto Alegre', 'F');
INSERT INTO Clientes (Cadastro, Nome, DataNasc, Telefone, Cidade, Sexo) VALUES (273, 'Ricardo Costa', '1943-06-13', '(66) 99728-8701', 'Maceió', 'M');
INSERT INTO Clientes (Cadastro, Nome, DataNasc, Telefone, Cidade, Sexo) VALUES (274, 'André Freitas', '1949-10-19', '(41) 98063-5141', 'Fortaleza', 'F');
INSERT INTO Clientes (Cadastro, Nome, DataNasc, Telefone, Cidade, Sexo) VALUES (275, 'Pedro Teixeira', '1997-05-08', '(28) 98846-3612', 'Porto Alegre', 'M');
INSERT INTO Clientes (Cadastro, Nome, DataNasc, Telefone, Cidade, Sexo) VALUES (276, 'Luiz Cavalcanti', '1988-01-18', '(76) 90745-7249', 'Campinas', 'M');
INSERT INTO Clientes (Cadastro, Nome, DataNasc, Telefone, Cidade, Sexo) VALUES (277, 'Maria Lima', '1961-07-03', '(26) 99483-9344', 'Rio de Janeiro', 'M');
INSERT INTO Clientes (Cadastro, Nome, DataNasc, Telefone, Cidade, Sexo) VALUES (278, 'Aline Souza', '1997-08-16', '(92) 98212-8614', 'Recife', 'F');
INSERT INTO Clientes (Cadastro, Nome, DataNasc, Telefone, Cidade, Sexo) VALUES (279, 'Rodrigo Cardoso', '1991-10-24', '(50) 90489-8771', 'São Paulo', 'M');
INSERT INTO Clientes (Cadastro, Nome, DataNasc, Telefone, Cidade, Sexo) VALUES (280, 'Juliana Nascimento', '1979-12-07', '(84) 95395-9405', 'Curitiba', 'F');
INSERT INTO Clientes (Cadastro, Nome, DataNasc, Telefone, Cidade, Sexo) VALUES (281, 'Renata Rodrigues', '1998-11-02', '(44) 91500-8498', 'Fortaleza', 'M');
INSERT INTO Clientes (Cadastro, Nome, DataNasc, Telefone, Cidade, Sexo) VALUES (282, 'Maria Cavalcanti', '1960-08-20', '(14) 90982-8440', 'Campinas', 'F');
INSERT INTO Clientes (Cadastro, Nome, DataNasc, Telefone, Cidade, Sexo) VALUES (283, 'Gustavo Vieira', '2002-06-10', '(30) 93250-3959', 'São Luís', 'F');
INSERT INTO Clientes (Cadastro, Nome, DataNasc, Telefone, Cidade, Sexo) VALUES (284, 'Camila Santos', '1989-03-27', '(78) 95134-8123', 'Porto Alegre', 'F');
INSERT INTO Clientes (Cadastro, Nome, DataNasc, Telefone, Cidade, Sexo) VALUES (285, 'Sérgio Silva', '1954-06-15', '(65) 93784-3030', 'Duque de Caxias', 'M');
INSERT INTO Clientes (Cadastro, Nome, DataNasc, Telefone, Cidade, Sexo) VALUES (286, 'Gustavo Cardoso', '1959-12-15', '(85) 93903-1821', 'São Gonçalo', 'F');
INSERT INTO Clientes (Cadastro, Nome, DataNasc, Telefone, Cidade, Sexo) VALUES (287, 'Gabriela Barbosa', '1976-06-14', '(67) 97616-8847', 'Fortaleza', 'F');
INSERT INTO Clientes (Cadastro, Nome, DataNasc, Telefone, Cidade, Sexo) VALUES (288, 'Ricardo Lima', '2000-01-13', '(25) 97780-5315', 'Goiânia', 'F');
INSERT INTO Clientes (Cadastro, Nome, DataNasc, Telefone, Cidade, Sexo) VALUES (289, 'Ana Figueiredo', '1964-03-12', '(60) 93225-5127', 'Porto Alegre', 'M');
INSERT INTO Clientes (Cadastro, Nome, DataNasc, Telefone, Cidade, Sexo) VALUES (290, 'João Freitas', '1986-03-23', '(18) 95076-9120', 'Belém', 'F');
INSERT INTO Clientes (Cadastro, Nome, DataNasc, Telefone, Cidade, Sexo) VALUES (291, 'Larissa Barbosa', '2005-02-09', '(78) 95171-8710', 'Rio de Janeiro', 'F');
INSERT INTO Clientes (Cadastro, Nome, DataNasc, Telefone, Cidade, Sexo) VALUES (292, 'Gustavo Figueiredo', '1952-12-19', '(98) 96436-4523', 'Rio de Janeiro', 'F');
INSERT INTO Clientes (Cadastro, Nome, DataNasc, Telefone, Cidade, Sexo) VALUES (293, 'Carla Rodrigues', '1991-01-02', '(31) 97616-8308', 'Recife', 'M');
INSERT INTO Clientes (Cadastro, Nome, DataNasc, Telefone, Cidade, Sexo) VALUES (294, 'Rodrigo Machado', '1963-01-07', '(56) 94018-4577', 'Duque de Caxias', 'F');
INSERT INTO Clientes (Cadastro, Nome, DataNasc, Telefone, Cidade, Sexo) VALUES (295, 'Eduardo Campos', '1968-07-11', '(10) 92159-5980', 'Curitiba', 'F');
INSERT INTO Clientes (Cadastro, Nome, DataNasc, Telefone, Cidade, Sexo) VALUES (296, 'Vanessa Mendes', '1980-01-05', '(53) 96498-4959', 'São Gonçalo', 'F');
INSERT INTO Clientes (Cadastro, Nome, DataNasc, Telefone, Cidade, Sexo) VALUES (297, 'Fernanda Costa', '1954-03-08', '(32) 91302-4193', 'Rio de Janeiro', 'F');
INSERT INTO Clientes (Cadastro, Nome, DataNasc, Telefone, Cidade, Sexo) VALUES (298, 'Marcos Fernandes', '1991-10-08', '(26) 95959-6613', 'Salvador', 'M');
INSERT INTO Clientes (Cadastro, Nome, DataNasc, Telefone, Cidade, Sexo) VALUES (299, 'Gabriela Ferreira', '1959-01-23', '(37) 99776-8353', 'São Luís', 'F');
INSERT INTO Clientes (Cadastro, Nome, DataNasc, Telefone, Cidade, Sexo) VALUES (300, 'Camila Figueiredo', '1942-10-10', '(25) 97442-1108', 'Rio de Janeiro', 'M');
INSERT INTO Clientes (Cadastro, Nome, DataNasc, Telefone, Cidade, Sexo) VALUES (301, 'Rafael Gomes', '1996-01-03', '(25) 99718-2126', 'Belo Horizonte', 'F');
INSERT INTO Clientes (Cadastro, Nome, DataNasc, Telefone, Cidade, Sexo) VALUES (302, 'Aline Medeiros', '1976-05-08', '(36) 91197-3174', 'Maceió', 'M');
INSERT INTO Clientes (Cadastro, Nome, DataNasc, Telefone, Cidade, Sexo) VALUES (303, 'Gustavo Medeiros', '2000-01-17', '(25) 99750-3559', 'Rio de Janeiro', 'F');
INSERT INTO Clientes (Cadastro, Nome, DataNasc, Telefone, Cidade, Sexo) VALUES (304, 'Luiz Silva', '1990-08-18', '(75) 99811-9245', 'Maceió', 'F');
INSERT INTO Clientes (Cadastro, Nome, DataNasc, Telefone, Cidade, Sexo) VALUES (305, 'Patrícia Silva', '1972-02-06', '(67) 95729-4838', 'Campinas', 'M');
INSERT INTO Clientes (Cadastro, Nome, DataNasc, Telefone, Cidade, Sexo) VALUES (306, 'Luiz Almeida', '1958-02-16', '(59) 97544-8689', 'São Luís', 'M');
INSERT INTO Clientes (Cadastro, Nome, DataNasc, Telefone, Cidade, Sexo) VALUES (307, 'Ricardo Barros', '1940-11-07', '(46) 90390-9001', 'Manaus', 'M');
INSERT INTO Clientes (Cadastro, Nome, DataNasc, Telefone, Cidade, Sexo) VALUES (308, 'Carla Figueiredo', '1970-07-03', '(12) 91104-7497', 'Recife', 'M');
INSERT INTO Clientes (Cadastro, Nome, DataNasc, Telefone, Cidade, Sexo) VALUES (309, 'Patrícia Campos', '1961-12-27', '(34) 94887-5195', 'Guarulhos', 'F');
INSERT INTO Clientes (Cadastro, Nome, DataNasc, Telefone, Cidade, Sexo) VALUES (310, 'Roberto Cardoso', '1965-02-11', '(98) 91839-1399', 'São Paulo', 'M');
INSERT INTO Clientes (Cadastro, Nome, DataNasc, Telefone, Cidade, Sexo) VALUES (311, 'Patrícia Duarte', '1950-03-16', '(48) 90187-7635', 'Porto Alegre', 'F');
INSERT INTO Clientes (Cadastro, Nome, DataNasc, Telefone, Cidade, Sexo) VALUES (312, 'Cláudia Teixeira', '1945-12-11', '(99) 97022-6197', 'Fortaleza', 'F');
INSERT INTO Clientes (Cadastro, Nome, DataNasc, Telefone, Cidade, Sexo) VALUES (313, 'Gabriela Fernandes', '1947-10-21', '(55) 94160-7615', 'Belo Horizonte', 'M');
INSERT INTO Clientes (Cadastro, Nome, DataNasc, Telefone, Cidade, Sexo) VALUES (314, 'Maria Araujo', '1948-08-16', '(95) 92358-9147', 'Campinas', 'F');
INSERT INTO Clientes (Cadastro, Nome, DataNasc, Telefone, Cidade, Sexo) VALUES (315, 'Rodrigo Oliveira', '1943-02-09', '(86) 93332-5092', 'Duque de Caxias', 'F');
INSERT INTO Clientes (Cadastro, Nome, DataNasc, Telefone, Cidade, Sexo) VALUES (316, 'Carla Medeiros', '1967-12-05', '(10) 94236-4164', 'Brasília', 'F');
INSERT INTO Clientes (Cadastro, Nome, DataNasc, Telefone, Cidade, Sexo) VALUES (317, 'Vanessa Martins', '1965-11-06', '(32) 90599-8410', 'Maceió', 'M');
INSERT INTO Clientes (Cadastro, Nome, DataNasc, Telefone, Cidade, Sexo) VALUES (318, 'Thiago Mendes', '1983-12-05', '(29) 92022-7119', 'Recife', 'F');
INSERT INTO Clientes (Cadastro, Nome, DataNasc, Telefone, Cidade, Sexo) VALUES (319, 'Marcos Medeiros', '1977-11-02', '(24) 91803-8875', 'Rio de Janeiro', 'F');
INSERT INTO Clientes (Cadastro, Nome, DataNasc, Telefone, Cidade, Sexo) VALUES (320, 'Ana Ribeiro', '1944-08-23', '(23) 97966-9458', 'Recife', 'F');
INSERT INTO Clientes (Cadastro, Nome, DataNasc, Telefone, Cidade, Sexo) VALUES (321, 'Vanessa Santos', '1979-07-10', '(70) 95742-3432', 'São Luís', 'M');
INSERT INTO Clientes (Cadastro, Nome, DataNasc, Telefone, Cidade, Sexo) VALUES (322, 'Cláudia Barbosa', '1956-06-30', '(94) 93472-3539', 'São Paulo', 'M');
INSERT INTO Clientes (Cadastro, Nome, DataNasc, Telefone, Cidade, Sexo) VALUES (323, 'Rodrigo Moura', '1992-08-07', '(76) 93409-5964', 'Guarulhos', 'F');
INSERT INTO Clientes (Cadastro, Nome, DataNasc, Telefone, Cidade, Sexo) VALUES (324, 'Camila Vieira', '1973-12-30', '(21) 99584-6953', 'Campo Grande', 'F');
INSERT INTO Clientes (Cadastro, Nome, DataNasc, Telefone, Cidade, Sexo) VALUES (325, 'Natália Teixeira', '1980-06-07', '(18) 91503-7876', 'São Paulo', 'F');
INSERT INTO Clientes (Cadastro, Nome, DataNasc, Telefone, Cidade, Sexo) VALUES (326, 'Rodrigo Teixeira', '1961-05-16', '(76) 93380-2190', 'Fortaleza', 'M');
INSERT INTO Clientes (Cadastro, Nome, DataNasc, Telefone, Cidade, Sexo) VALUES (327, 'Ana Cavalcanti', '1948-08-30', '(43) 94932-1349', 'Porto Alegre', 'F');
INSERT INTO Clientes (Cadastro, Nome, DataNasc, Telefone, Cidade, Sexo) VALUES (328, 'Rodrigo Barbosa', '1972-06-13', '(74) 98031-7160', 'Campo Grande', 'F');
INSERT INTO Clientes (Cadastro, Nome, DataNasc, Telefone, Cidade, Sexo) VALUES (329, 'Juliana Souza', '1958-08-30', '(97) 95663-6726', 'Brasília', 'M');
INSERT INTO Clientes (Cadastro, Nome, DataNasc, Telefone, Cidade, Sexo) VALUES (330, 'Paula Souza', '1942-08-29', '(60) 92919-8241', 'Fortaleza', 'M');
INSERT INTO Clientes (Cadastro, Nome, DataNasc, Telefone, Cidade, Sexo) VALUES (331, 'Larissa Barros', '1952-03-03', '(99) 94163-1379', 'Rio de Janeiro', 'M');
INSERT INTO Clientes (Cadastro, Nome, DataNasc, Telefone, Cidade, Sexo) VALUES (332, 'Cláudia Ribeiro', '1947-07-07', '(34) 99060-2177', 'Campo Grande', 'M');
INSERT INTO Clientes (Cadastro, Nome, DataNasc, Telefone, Cidade, Sexo) VALUES (333, 'Larissa Almeida', '1964-11-02', '(55) 91731-1055', 'Manaus', 'M');
INSERT INTO Clientes (Cadastro, Nome, DataNasc, Telefone, Cidade, Sexo) VALUES (334, 'Larissa Souza', '1983-06-17', '(83) 96032-8920', 'Recife', 'F');
INSERT INTO Clientes (Cadastro, Nome, DataNasc, Telefone, Cidade, Sexo) VALUES (335, 'Luiz Souza', '1983-09-02', '(53) 96357-8369', 'Goiânia', 'M');
INSERT INTO Clientes (Cadastro, Nome, DataNasc, Telefone, Cidade, Sexo) VALUES (336, 'Aline Duarte', '1960-07-21', '(80) 94756-8702', 'Belém', 'M');
INSERT INTO Clientes (Cadastro, Nome, DataNasc, Telefone, Cidade, Sexo) VALUES (337, 'Larissa Mendes', '1989-10-27', '(69) 93201-6563', 'Belém', 'M');
INSERT INTO Clientes (Cadastro, Nome, DataNasc, Telefone, Cidade, Sexo) VALUES (338, 'Luiz Martins', '1965-03-26', '(73) 93448-8507', 'Campo Grande', 'F');
INSERT INTO Clientes (Cadastro, Nome, DataNasc, Telefone, Cidade, Sexo) VALUES (339, 'Sérgio Campos', '1964-01-29', '(18) 98570-2114', 'São Luís', 'M');
INSERT INTO Clientes (Cadastro, Nome, DataNasc, Telefone, Cidade, Sexo) VALUES (340, 'Marcos Teixeira', '1989-07-18', '(59) 93117-5128', 'Campo Grande', 'M');
INSERT INTO Clientes (Cadastro, Nome, DataNasc, Telefone, Cidade, Sexo) VALUES (341, 'Felipe Ribeiro', '1989-11-03', '(71) 92408-9388', 'Recife', 'F');
INSERT INTO Clientes (Cadastro, Nome, DataNasc, Telefone, Cidade, Sexo) VALUES (342, 'André Martins', '1945-10-02', '(73) 95932-7147', 'Porto Alegre', 'M');
INSERT INTO Clientes (Cadastro, Nome, DataNasc, Telefone, Cidade, Sexo) VALUES (343, 'André Pinto', '1977-01-18', '(69) 94392-5868', 'São Gonçalo', 'M');
INSERT INTO Clientes (Cadastro, Nome, DataNasc, Telefone, Cidade, Sexo) VALUES (344, 'Felipe Santos', '1971-08-08', '(90) 96287-1813', 'Brasília', 'M');
INSERT INTO Clientes (Cadastro, Nome, DataNasc, Telefone, Cidade, Sexo) VALUES (345, 'Camila Freitas', '1968-12-15', '(49) 92485-8853', 'Guarulhos', 'F');
INSERT INTO Clientes (Cadastro, Nome, DataNasc, Telefone, Cidade, Sexo) VALUES (346, 'Ricardo Vieira', '1941-12-18', '(54) 95634-9471', 'Porto Alegre', 'F');
INSERT INTO Clientes (Cadastro, Nome, DataNasc, Telefone, Cidade, Sexo) VALUES (347, 'Carla Souza', '1985-09-12', '(80) 97748-3709', 'Belo Horizonte', 'M');
INSERT INTO Clientes (Cadastro, Nome, DataNasc, Telefone, Cidade, Sexo) VALUES (348, 'Paula Silva', '1976-11-24', '(86) 94599-3985', 'Campo Grande', 'M');
INSERT INTO Clientes (Cadastro, Nome, DataNasc, Telefone, Cidade, Sexo) VALUES (349, 'Ricardo Pereira', '1942-03-23', '(38) 91005-3556', 'Duque de Caxias', 'F');
INSERT INTO Clientes (Cadastro, Nome, DataNasc, Telefone, Cidade, Sexo) VALUES (350, 'Lucas Mendes', '1960-03-05', '(73) 94628-3674', 'Duque de Caxias', 'F');
INSERT INTO Clientes (Cadastro, Nome, DataNasc, Telefone, Cidade, Sexo) VALUES (351, 'Fernanda Pereira', '1944-04-16', '(46) 92873-2248', 'Duque de Caxias', 'M');
INSERT INTO Clientes (Cadastro, Nome, DataNasc, Telefone, Cidade, Sexo) VALUES (352, 'Gabriela Costa', '2005-05-09', '(60) 98295-8131', 'Fortaleza', 'F');
INSERT INTO Clientes (Cadastro, Nome, DataNasc, Telefone, Cidade, Sexo) VALUES (353, 'Beatriz Oliveira', '1978-11-23', '(18) 95351-5403', 'Rio de Janeiro', 'F');
INSERT INTO Clientes (Cadastro, Nome, DataNasc, Telefone, Cidade, Sexo) VALUES (354, 'Ricardo Araujo', '1976-03-15', '(27) 96862-7638', 'Belo Horizonte', 'M');
INSERT INTO Clientes (Cadastro, Nome, DataNasc, Telefone, Cidade, Sexo) VALUES (355, 'Luiz Oliveira', '1976-09-25', '(84) 94480-7864', 'Goiânia', 'F');
INSERT INTO Clientes (Cadastro, Nome, DataNasc, Telefone, Cidade, Sexo) VALUES (356, 'Juliana Freitas', '1980-09-17', '(71) 98629-4134', 'Salvador', 'M');
INSERT INTO Clientes (Cadastro, Nome, DataNasc, Telefone, Cidade, Sexo) VALUES (357, 'Paula Martins', '1951-01-10', '(56) 96680-6273', 'Fortaleza', 'F');
INSERT INTO Clientes (Cadastro, Nome, DataNasc, Telefone, Cidade, Sexo) VALUES (358, 'Lucas Ribeiro', '1970-12-26', '(92) 93725-5028', 'Porto Alegre', 'M');
INSERT INTO Clientes (Cadastro, Nome, DataNasc, Telefone, Cidade, Sexo) VALUES (359, 'Renata Cardoso', '1976-08-25', '(60) 99353-1288', 'São Paulo', 'M');
INSERT INTO Clientes (Cadastro, Nome, DataNasc, Telefone, Cidade, Sexo) VALUES (360, 'João Nascimento', '1967-09-01', '(64) 96646-5868', 'Duque de Caxias', 'F');
INSERT INTO Clientes (Cadastro, Nome, DataNasc, Telefone, Cidade, Sexo) VALUES (361, 'Letícia Figueiredo', '1976-07-12', '(71) 96466-6527', 'Porto Alegre', 'F');
INSERT INTO Clientes (Cadastro, Nome, DataNasc, Telefone, Cidade, Sexo) VALUES (362, 'Felipe Teixeira', '1946-02-21', '(65) 90890-6634', 'Campinas', 'F');
INSERT INTO Clientes (Cadastro, Nome, DataNasc, Telefone, Cidade, Sexo) VALUES (363, 'Carlos Costa', '1995-01-23', '(78) 90405-3436', 'São Gonçalo', 'F');
INSERT INTO Clientes (Cadastro, Nome, DataNasc, Telefone, Cidade, Sexo) VALUES (364, 'Juliana Silva', '1946-02-07', '(76) 92366-3595', 'Belo Horizonte', 'F');
INSERT INTO Clientes (Cadastro, Nome, DataNasc, Telefone, Cidade, Sexo) VALUES (365, 'Fernanda Fernandes', '1956-03-25', '(26) 97728-2965', 'Porto Alegre', 'M');
INSERT INTO Clientes (Cadastro, Nome, DataNasc, Telefone, Cidade, Sexo) VALUES (366, 'Ricardo Ferreira', '1969-05-10', '(20) 93415-9508', 'São Paulo', 'F');
INSERT INTO Clientes (Cadastro, Nome, DataNasc, Telefone, Cidade, Sexo) VALUES (367, 'Eduardo Pinto', '1958-02-22', '(31) 99781-5609', 'Belo Horizonte', 'F');
INSERT INTO Clientes (Cadastro, Nome, DataNasc, Telefone, Cidade, Sexo) VALUES (368, 'Gustavo Freitas', '1974-07-16', '(13) 93655-7742', 'São Luís', 'M');
INSERT INTO Clientes (Cadastro, Nome, DataNasc, Telefone, Cidade, Sexo) VALUES (369, 'Carla Cavalcanti', '1994-06-22', '(41) 96436-9754', 'Belo Horizonte', 'M');
INSERT INTO Clientes (Cadastro, Nome, DataNasc, Telefone, Cidade, Sexo) VALUES (370, 'Thiago Nascimento', '1971-08-02', '(25) 98295-5472', 'Manaus', 'F');
INSERT INTO Clientes (Cadastro, Nome, DataNasc, Telefone, Cidade, Sexo) VALUES (371, 'Eduardo Ribeiro', '1958-07-14', '(43) 91769-3442', 'Goiânia', 'M');
INSERT INTO Clientes (Cadastro, Nome, DataNasc, Telefone, Cidade, Sexo) VALUES (372, 'Vanessa Campos', '1945-02-09', '(90) 97804-3597', 'Salvador', 'F');
INSERT INTO Clientes (Cadastro, Nome, DataNasc, Telefone, Cidade, Sexo) VALUES (373, 'Paula Rodrigues', '1982-02-14', '(56) 95009-4517', 'Campinas', 'M');
INSERT INTO Clientes (Cadastro, Nome, DataNasc, Telefone, Cidade, Sexo) VALUES (374, 'Simone Monteiro', '1952-04-11', '(93) 98019-3704', 'Rio de Janeiro', 'M');
INSERT INTO Clientes (Cadastro, Nome, DataNasc, Telefone, Cidade, Sexo) VALUES (375, 'Beatriz Martins', '1999-07-14', '(17) 94362-9790', 'Goiânia', 'F');
INSERT INTO Clientes (Cadastro, Nome, DataNasc, Telefone, Cidade, Sexo) VALUES (376, 'Larissa Medeiros', '1942-06-21', '(82) 96366-2125', 'Porto Alegre', 'F');
INSERT INTO Clientes (Cadastro, Nome, DataNasc, Telefone, Cidade, Sexo) VALUES (377, 'Gabriela Monteiro', '1996-06-15', '(46) 94298-8048', 'Duque de Caxias', 'M');
INSERT INTO Clientes (Cadastro, Nome, DataNasc, Telefone, Cidade, Sexo) VALUES (378, 'Renata Duarte', '1969-03-13', '(26) 99613-5431', 'Campo Grande', 'F');
INSERT INTO Clientes (Cadastro, Nome, DataNasc, Telefone, Cidade, Sexo) VALUES (379, 'Camila Barbosa', '1943-02-09', '(94) 91383-8063', 'Maceió', 'F');
INSERT INTO Clientes (Cadastro, Nome, DataNasc, Telefone, Cidade, Sexo) VALUES (380, 'Vanessa Freitas', '1980-03-20', '(83) 96215-3076', 'Duque de Caxias', 'F');
INSERT INTO Clientes (Cadastro, Nome, DataNasc, Telefone, Cidade, Sexo) VALUES (381, 'Marcos Nascimento', '1951-03-23', '(65) 90220-9934', 'Goiânia', 'M');
INSERT INTO Clientes (Cadastro, Nome, DataNasc, Telefone, Cidade, Sexo) VALUES (382, 'Roberto Duarte', '1971-05-06', '(66) 93154-8753', 'Fortaleza', 'M');
INSERT INTO Clientes (Cadastro, Nome, DataNasc, Telefone, Cidade, Sexo) VALUES (383, 'Lucas Freitas', '1962-11-18', '(67) 94855-7995', 'Natal', 'M');
INSERT INTO Clientes (Cadastro, Nome, DataNasc, Telefone, Cidade, Sexo) VALUES (384, 'Paula Cavalcanti', '1964-09-03', '(54) 90871-4474', 'Belém', 'F');
INSERT INTO Clientes (Cadastro, Nome, DataNasc, Telefone, Cidade, Sexo) VALUES (385, 'Letícia Martins', '1955-12-13', '(19) 91158-2193', 'São Gonçalo', 'F');
INSERT INTO Clientes (Cadastro, Nome, DataNasc, Telefone, Cidade, Sexo) VALUES (386, 'Felipe Gomes', '1971-03-28', '(79) 93955-1496', 'Fortaleza', 'F');
INSERT INTO Clientes (Cadastro, Nome, DataNasc, Telefone, Cidade, Sexo) VALUES (387, 'Simone Figueiredo', '1973-01-19', '(80) 91766-6916', 'Salvador', 'F');
INSERT INTO Clientes (Cadastro, Nome, DataNasc, Telefone, Cidade, Sexo) VALUES (388, 'Cláudia Gomes', '1953-05-21', '(24) 93791-8611', 'Salvador', 'F');
INSERT INTO Clientes (Cadastro, Nome, DataNasc, Telefone, Cidade, Sexo) VALUES (389, 'Carlos Rodrigues', '1966-01-15', '(34) 98133-6209', 'Manaus', 'F');
INSERT INTO Clientes (Cadastro, Nome, DataNasc, Telefone, Cidade, Sexo) VALUES (390, 'Patrícia Ribeiro', '2000-07-02', '(89) 91353-8864', 'Recife', 'M');
INSERT INTO Clientes (Cadastro, Nome, DataNasc, Telefone, Cidade, Sexo) VALUES (391, 'Aline Fernandes', '2000-11-08', '(47) 96899-5679', 'São Luís', 'M');
INSERT INTO Clientes (Cadastro, Nome, DataNasc, Telefone, Cidade, Sexo) VALUES (392, 'Camila Almeida', '1960-02-01', '(16) 92229-4261', 'Porto Alegre', 'F');
INSERT INTO Clientes (Cadastro, Nome, DataNasc, Telefone, Cidade, Sexo) VALUES (393, 'Ana Barbosa', '1941-01-14', '(24) 92650-6244', 'Recife', 'F');
INSERT INTO Clientes (Cadastro, Nome, DataNasc, Telefone, Cidade, Sexo) VALUES (394, 'Beatriz Silva', '1954-12-18', '(29) 99236-9673', 'Belém', 'F');
INSERT INTO Clientes (Cadastro, Nome, DataNasc, Telefone, Cidade, Sexo) VALUES (395, 'Vanessa Lima', '1953-12-10', '(92) 95164-4207', 'Campo Grande', 'F');
INSERT INTO Clientes (Cadastro, Nome, DataNasc, Telefone, Cidade, Sexo) VALUES (396, 'Paula Mendes', '1969-12-16', '(69) 98543-1643', 'Guarulhos', 'M');
INSERT INTO Clientes (Cadastro, Nome, DataNasc, Telefone, Cidade, Sexo) VALUES (397, 'Natália Figueiredo', '1997-02-19', '(58) 94358-9059', 'Recife', 'F');
INSERT INTO Clientes (Cadastro, Nome, DataNasc, Telefone, Cidade, Sexo) VALUES (398, 'Sérgio Monteiro', '1972-06-22', '(43) 99276-9675', 'Salvador', 'M');
INSERT INTO Clientes (Cadastro, Nome, DataNasc, Telefone, Cidade, Sexo) VALUES (399, 'Paula Machado', '1969-12-09', '(69) 97973-6528', 'Goiânia', 'F');
INSERT INTO Clientes (Cadastro, Nome, DataNasc, Telefone, Cidade, Sexo) VALUES (400, 'Eduardo Pereira', '1942-01-20', '(83) 92618-2358', 'Curitiba', 'M');

INSERT INTO Servicos (NumServ, NomeServ, Valor) VALUES (1, 'Servico_1', '485.00');
INSERT INTO Servicos (NumServ, NomeServ, Valor) VALUES (2, 'Servico_2', '421.00');
INSERT INTO Servicos (NumServ, NomeServ, Valor) VALUES (3, 'Servico_3', '283.00');
INSERT INTO Servicos (NumServ, NomeServ, Valor) VALUES (4, 'Servico_4', '305.00');
INSERT INTO Servicos (NumServ, NomeServ, Valor) VALUES (5, 'Servico_5', '139.00');
INSERT INTO Servicos (NumServ, NomeServ, Valor) VALUES (6, 'Servico_6', '407.00');
INSERT INTO Servicos (NumServ, NomeServ, Valor) VALUES (7, 'Servico_7', '190.00');
INSERT INTO Servicos (NumServ, NomeServ, Valor) VALUES (8, 'Servico_8', '488.00');
INSERT INTO Servicos (NumServ, NomeServ, Valor) VALUES (9, 'Servico_9', '471.00');
INSERT INTO Servicos (NumServ, NomeServ, Valor) VALUES (10, 'Servico_10', '216.00');

INSERT INTO Utilizacoes (Ordem, Cliente, Servico) VALUES (1, 315, 9);
INSERT INTO Utilizacoes (Ordem, Cliente, Servico) VALUES (2, 379, 4);
INSERT INTO Utilizacoes (Ordem, Cliente, Servico) VALUES (3, 92, 10);
INSERT INTO Utilizacoes (Ordem, Cliente, Servico) VALUES (4, 74, 10);
INSERT INTO Utilizacoes (Ordem, Cliente, Servico) VALUES (5, 398, 9);
INSERT INTO Utilizacoes (Ordem, Cliente, Servico) VALUES (6, 205, 8);
INSERT INTO Utilizacoes (Ordem, Cliente, Servico) VALUES (7, 27, 8);
INSERT INTO Utilizacoes (Ordem, Cliente, Servico) VALUES (8, 65, 10);
INSERT INTO Utilizacoes (Ordem, Cliente, Servico) VALUES (9, 387, 9);
INSERT INTO Utilizacoes (Ordem, Cliente, Servico) VALUES (10, 24, 3);
INSERT INTO Utilizacoes (Ordem, Cliente, Servico) VALUES (11, 99, 4);
INSERT INTO Utilizacoes (Ordem, Cliente, Servico) VALUES (12, 151, 8);
INSERT INTO Utilizacoes (Ordem, Cliente, Servico) VALUES (13, 382, 3);
INSERT INTO Utilizacoes (Ordem, Cliente, Servico) VALUES (14, 231, 6);
INSERT INTO Utilizacoes (Ordem, Cliente, Servico) VALUES (15, 201, 7);
INSERT INTO Utilizacoes (Ordem, Cliente, Servico) VALUES (16, 82, 8);
INSERT INTO Utilizacoes (Ordem, Cliente, Servico) VALUES (17, 349, 9);
INSERT INTO Utilizacoes (Ordem, Cliente, Servico) VALUES (18, 26, 5);
INSERT INTO Utilizacoes (Ordem, Cliente, Servico) VALUES (19, 116, 8);
INSERT INTO Utilizacoes (Ordem, Cliente, Servico) VALUES (20, 123, 2);
INSERT INTO Utilizacoes (Ordem, Cliente, Servico) VALUES (21, 119, 2);
INSERT INTO Utilizacoes (Ordem, Cliente, Servico) VALUES (22, 265, 5);
INSERT INTO Utilizacoes (Ordem, Cliente, Servico) VALUES (23, 93, 10);
INSERT INTO Utilizacoes (Ordem, Cliente, Servico) VALUES (24, 280, 8);
INSERT INTO Utilizacoes (Ordem, Cliente, Servico) VALUES (25, 36, 8);
INSERT INTO Utilizacoes (Ordem, Cliente, Servico) VALUES (26, 42, 5);
INSERT INTO Utilizacoes (Ordem, Cliente, Servico) VALUES (27, 363, 2);
INSERT INTO Utilizacoes (Ordem, Cliente, Servico) VALUES (28, 342, 10);
INSERT INTO Utilizacoes (Ordem, Cliente, Servico) VALUES (29, 195, 6);
INSERT INTO Utilizacoes (Ordem, Cliente, Servico) VALUES (30, 386, 4);
INSERT INTO Utilizacoes (Ordem, Cliente, Servico) VALUES (31, 272, 8);
INSERT INTO Utilizacoes (Ordem, Cliente, Servico) VALUES (32, 48, 2);
INSERT INTO Utilizacoes (Ordem, Cliente, Servico) VALUES (33, 209, 3);
INSERT INTO Utilizacoes (Ordem, Cliente, Servico) VALUES (34, 241, 6);
INSERT INTO Utilizacoes (Ordem, Cliente, Servico) VALUES (35, 357, 5);
INSERT INTO Utilizacoes (Ordem, Cliente, Servico) VALUES (36, 314, 5);
INSERT INTO Utilizacoes (Ordem, Cliente, Servico) VALUES (37, 62, 1);
INSERT INTO Utilizacoes (Ordem, Cliente, Servico) VALUES (38, 360, 5);
INSERT INTO Utilizacoes (Ordem, Cliente, Servico) VALUES (39, 194, 9);
INSERT INTO Utilizacoes (Ordem, Cliente, Servico) VALUES (40, 143, 1);
INSERT INTO Utilizacoes (Ordem, Cliente, Servico) VALUES (41, 5, 5);
INSERT INTO Utilizacoes (Ordem, Cliente, Servico) VALUES (42, 300, 9);
INSERT INTO Utilizacoes (Ordem, Cliente, Servico) VALUES (43, 8, 8);
INSERT INTO Utilizacoes (Ordem, Cliente, Servico) VALUES (44, 347, 4);
INSERT INTO Utilizacoes (Ordem, Cliente, Servico) VALUES (45, 146, 2);
INSERT INTO Utilizacoes (Ordem, Cliente, Servico) VALUES (46, 279, 10);
INSERT INTO Utilizacoes (Ordem, Cliente, Servico) VALUES (47, 188, 1);
INSERT INTO Utilizacoes (Ordem, Cliente, Servico) VALUES (48, 397, 5);
INSERT INTO Utilizacoes (Ordem, Cliente, Servico) VALUES (49, 343, 9);
INSERT INTO Utilizacoes (Ordem, Cliente, Servico) VALUES (50, 310, 1);
INSERT INTO Utilizacoes (Ordem, Cliente, Servico) VALUES (51, 174, 8);
INSERT INTO Utilizacoes (Ordem, Cliente, Servico) VALUES (52, 360, 10);
INSERT INTO Utilizacoes (Ordem, Cliente, Servico) VALUES (53, 346, 3);
INSERT INTO Utilizacoes (Ordem, Cliente, Servico) VALUES (54, 139, 4);
INSERT INTO Utilizacoes (Ordem, Cliente, Servico) VALUES (55, 265, 8);
INSERT INTO Utilizacoes (Ordem, Cliente, Servico) VALUES (56, 352, 2);
INSERT INTO Utilizacoes (Ordem, Cliente, Servico) VALUES (57, 310, 3);
INSERT INTO Utilizacoes (Ordem, Cliente, Servico) VALUES (58, 259, 6);
INSERT INTO Utilizacoes (Ordem, Cliente, Servico) VALUES (59, 202, 4);
INSERT INTO Utilizacoes (Ordem, Cliente, Servico) VALUES (60, 149, 6);
INSERT INTO Utilizacoes (Ordem, Cliente, Servico) VALUES (61, 137, 1);
INSERT INTO Utilizacoes (Ordem, Cliente, Servico) VALUES (62, 151, 4);
INSERT INTO Utilizacoes (Ordem, Cliente, Servico) VALUES (63, 158, 3);
INSERT INTO Utilizacoes (Ordem, Cliente, Servico) VALUES (64, 81, 10);
INSERT INTO Utilizacoes (Ordem, Cliente, Servico) VALUES (65, 232, 5);
INSERT INTO Utilizacoes (Ordem, Cliente, Servico) VALUES (66, 251, 10);
INSERT INTO Utilizacoes (Ordem, Cliente, Servico) VALUES (67, 319, 3);
INSERT INTO Utilizacoes (Ordem, Cliente, Servico) VALUES (68, 348, 9);
INSERT INTO Utilizacoes (Ordem, Cliente, Servico) VALUES (69, 278, 9);
INSERT INTO Utilizacoes (Ordem, Cliente, Servico) VALUES (70, 258, 7);
INSERT INTO Utilizacoes (Ordem, Cliente, Servico) VALUES (71, 218, 4);
INSERT INTO Utilizacoes (Ordem, Cliente, Servico) VALUES (72, 172, 4);
INSERT INTO Utilizacoes (Ordem, Cliente, Servico) VALUES (73, 373, 4);
INSERT INTO Utilizacoes (Ordem, Cliente, Servico) VALUES (74, 355, 6);
INSERT INTO Utilizacoes (Ordem, Cliente, Servico) VALUES (75, 325, 2);
INSERT INTO Utilizacoes (Ordem, Cliente, Servico) VALUES (76, 189, 1);
INSERT INTO Utilizacoes (Ordem, Cliente, Servico) VALUES (77, 90, 6);
INSERT INTO Utilizacoes (Ordem, Cliente, Servico) VALUES (78, 244, 7);
INSERT INTO Utilizacoes (Ordem, Cliente, Servico) VALUES (79, 231, 6);
INSERT INTO Utilizacoes (Ordem, Cliente, Servico) VALUES (80, 284, 10);
INSERT INTO Utilizacoes (Ordem, Cliente, Servico) VALUES (81, 270, 8);
INSERT INTO Utilizacoes (Ordem, Cliente, Servico) VALUES (82, 91, 10);
INSERT INTO Utilizacoes (Ordem, Cliente, Servico) VALUES (83, 68, 8);
INSERT INTO Utilizacoes (Ordem, Cliente, Servico) VALUES (84, 218, 2);
INSERT INTO Utilizacoes (Ordem, Cliente, Servico) VALUES (85, 225, 5);
INSERT INTO Utilizacoes (Ordem, Cliente, Servico) VALUES (86, 126, 9);
INSERT INTO Utilizacoes (Ordem, Cliente, Servico) VALUES (87, 303, 9);
INSERT INTO Utilizacoes (Ordem, Cliente, Servico) VALUES (88, 137, 8);
INSERT INTO Utilizacoes (Ordem, Cliente, Servico) VALUES (89, 167, 8);
INSERT INTO Utilizacoes (Ordem, Cliente, Servico) VALUES (90, 334, 2);
INSERT INTO Utilizacoes (Ordem, Cliente, Servico) VALUES (91, 116, 5);
INSERT INTO Utilizacoes (Ordem, Cliente, Servico) VALUES (92, 56, 10);
INSERT INTO Utilizacoes (Ordem, Cliente, Servico) VALUES (93, 229, 6);
INSERT INTO Utilizacoes (Ordem, Cliente, Servico) VALUES (94, 237, 4);
INSERT INTO Utilizacoes (Ordem, Cliente, Servico) VALUES (95, 34, 6);
INSERT INTO Utilizacoes (Ordem, Cliente, Servico) VALUES (96, 384, 5);
INSERT INTO Utilizacoes (Ordem, Cliente, Servico) VALUES (97, 35, 3);
INSERT INTO Utilizacoes (Ordem, Cliente, Servico) VALUES (98, 67, 8);
INSERT INTO Utilizacoes (Ordem, Cliente, Servico) VALUES (99, 248, 1);
INSERT INTO Utilizacoes (Ordem, Cliente, Servico) VALUES (100, 108, 9);
INSERT INTO Utilizacoes (Ordem, Cliente, Servico) VALUES (101, 239, 10);
INSERT INTO Utilizacoes (Ordem, Cliente, Servico) VALUES (102, 36, 6);
INSERT INTO Utilizacoes (Ordem, Cliente, Servico) VALUES (103, 148, 7);
INSERT INTO Utilizacoes (Ordem, Cliente, Servico) VALUES (104, 295, 9);
INSERT INTO Utilizacoes (Ordem, Cliente, Servico) VALUES (105, 37, 6);
INSERT INTO Utilizacoes (Ordem, Cliente, Servico) VALUES (106, 27, 4);
INSERT INTO Utilizacoes (Ordem, Cliente, Servico) VALUES (107, 301, 9);
INSERT INTO Utilizacoes (Ordem, Cliente, Servico) VALUES (108, 163, 1);
INSERT INTO Utilizacoes (Ordem, Cliente, Servico) VALUES (109, 228, 6);
INSERT INTO Utilizacoes (Ordem, Cliente, Servico) VALUES (110, 9, 1);
INSERT INTO Utilizacoes (Ordem, Cliente, Servico) VALUES (111, 283, 3);
INSERT INTO Utilizacoes (Ordem, Cliente, Servico) VALUES (112, 351, 10);
INSERT INTO Utilizacoes (Ordem, Cliente, Servico) VALUES (113, 112, 6);
INSERT INTO Utilizacoes (Ordem, Cliente, Servico) VALUES (114, 9, 6);
INSERT INTO Utilizacoes (Ordem, Cliente, Servico) VALUES (115, 29, 2);
INSERT INTO Utilizacoes (Ordem, Cliente, Servico) VALUES (116, 378, 10);
INSERT INTO Utilizacoes (Ordem, Cliente, Servico) VALUES (117, 352, 8);
INSERT INTO Utilizacoes (Ordem, Cliente, Servico) VALUES (118, 36, 7);
INSERT INTO Utilizacoes (Ordem, Cliente, Servico) VALUES (119, 167, 8);
INSERT INTO Utilizacoes (Ordem, Cliente, Servico) VALUES (120, 125, 5);
INSERT INTO Utilizacoes (Ordem, Cliente, Servico) VALUES (121, 131, 2);
INSERT INTO Utilizacoes (Ordem, Cliente, Servico) VALUES (122, 240, 7);
INSERT INTO Utilizacoes (Ordem, Cliente, Servico) VALUES (123, 207, 10);
INSERT INTO Utilizacoes (Ordem, Cliente, Servico) VALUES (124, 399, 4);
INSERT INTO Utilizacoes (Ordem, Cliente, Servico) VALUES (125, 84, 8);
INSERT INTO Utilizacoes (Ordem, Cliente, Servico) VALUES (126, 273, 10);
INSERT INTO Utilizacoes (Ordem, Cliente, Servico) VALUES (127, 208, 7);
INSERT INTO Utilizacoes (Ordem, Cliente, Servico) VALUES (128, 256, 6);
INSERT INTO Utilizacoes (Ordem, Cliente, Servico) VALUES (129, 382, 2);
INSERT INTO Utilizacoes (Ordem, Cliente, Servico) VALUES (130, 316, 8);
INSERT INTO Utilizacoes (Ordem, Cliente, Servico) VALUES (131, 143, 7);
INSERT INTO Utilizacoes (Ordem, Cliente, Servico) VALUES (132, 218, 7);
INSERT INTO Utilizacoes (Ordem, Cliente, Servico) VALUES (133, 152, 4);
INSERT INTO Utilizacoes (Ordem, Cliente, Servico) VALUES (134, 89, 4);
INSERT INTO Utilizacoes (Ordem, Cliente, Servico) VALUES (135, 252, 8);
INSERT INTO Utilizacoes (Ordem, Cliente, Servico) VALUES (136, 122, 1);
INSERT INTO Utilizacoes (Ordem, Cliente, Servico) VALUES (137, 191, 5);
INSERT INTO Utilizacoes (Ordem, Cliente, Servico) VALUES (138, 269, 6);
INSERT INTO Utilizacoes (Ordem, Cliente, Servico) VALUES (139, 19, 5);
INSERT INTO Utilizacoes (Ordem, Cliente, Servico) VALUES (140, 94, 10);
INSERT INTO Utilizacoes (Ordem, Cliente, Servico) VALUES (141, 78, 3);
INSERT INTO Utilizacoes (Ordem, Cliente, Servico) VALUES (142, 397, 8);
INSERT INTO Utilizacoes (Ordem, Cliente, Servico) VALUES (143, 346, 3);
INSERT INTO Utilizacoes (Ordem, Cliente, Servico) VALUES (144, 339, 3);
INSERT INTO Utilizacoes (Ordem, Cliente, Servico) VALUES (145, 391, 5);
INSERT INTO Utilizacoes (Ordem, Cliente, Servico) VALUES (146, 392, 8);
INSERT INTO Utilizacoes (Ordem, Cliente, Servico) VALUES (147, 365, 4);
INSERT INTO Utilizacoes (Ordem, Cliente, Servico) VALUES (148, 308, 6);
INSERT INTO Utilizacoes (Ordem, Cliente, Servico) VALUES (149, 321, 8);
INSERT INTO Utilizacoes (Ordem, Cliente, Servico) VALUES (150, 131, 6);
INSERT INTO Utilizacoes (Ordem, Cliente, Servico) VALUES (151, 261, 9);
INSERT INTO Utilizacoes (Ordem, Cliente, Servico) VALUES (152, 179, 10);
INSERT INTO Utilizacoes (Ordem, Cliente, Servico) VALUES (153, 326, 4);
INSERT INTO Utilizacoes (Ordem, Cliente, Servico) VALUES (154, 209, 10);
INSERT INTO Utilizacoes (Ordem, Cliente, Servico) VALUES (155, 331, 1);
INSERT INTO Utilizacoes (Ordem, Cliente, Servico) VALUES (156, 271, 3);
INSERT INTO Utilizacoes (Ordem, Cliente, Servico) VALUES (157, 57, 6);
INSERT INTO Utilizacoes (Ordem, Cliente, Servico) VALUES (158, 319, 8);
INSERT INTO Utilizacoes (Ordem, Cliente, Servico) VALUES (159, 286, 4);
INSERT INTO Utilizacoes (Ordem, Cliente, Servico) VALUES (160, 3, 5);
INSERT INTO Utilizacoes (Ordem, Cliente, Servico) VALUES (161, 77, 5);
INSERT INTO Utilizacoes (Ordem, Cliente, Servico) VALUES (162, 1, 2);
INSERT INTO Utilizacoes (Ordem, Cliente, Servico) VALUES (163, 58, 1);
INSERT INTO Utilizacoes (Ordem, Cliente, Servico) VALUES (164, 62, 10);
INSERT INTO Utilizacoes (Ordem, Cliente, Servico) VALUES (165, 334, 4);
INSERT INTO Utilizacoes (Ordem, Cliente, Servico) VALUES (166, 313, 6);
INSERT INTO Utilizacoes (Ordem, Cliente, Servico) VALUES (167, 8, 1);
INSERT INTO Utilizacoes (Ordem, Cliente, Servico) VALUES (168, 390, 2);
INSERT INTO Utilizacoes (Ordem, Cliente, Servico) VALUES (169, 265, 3);
INSERT INTO Utilizacoes (Ordem, Cliente, Servico) VALUES (170, 138, 9);
INSERT INTO Utilizacoes (Ordem, Cliente, Servico) VALUES (171, 173, 8);
INSERT INTO Utilizacoes (Ordem, Cliente, Servico) VALUES (172, 48, 3);
INSERT INTO Utilizacoes (Ordem, Cliente, Servico) VALUES (173, 3, 7);
INSERT INTO Utilizacoes (Ordem, Cliente, Servico) VALUES (174, 181, 1);
INSERT INTO Utilizacoes (Ordem, Cliente, Servico) VALUES (175, 196, 7);
INSERT INTO Utilizacoes (Ordem, Cliente, Servico) VALUES (176, 18, 8);
INSERT INTO Utilizacoes (Ordem, Cliente, Servico) VALUES (177, 50, 8);
INSERT INTO Utilizacoes (Ordem, Cliente, Servico) VALUES (178, 364, 7);
INSERT INTO Utilizacoes (Ordem, Cliente, Servico) VALUES (179, 53, 10);
INSERT INTO Utilizacoes (Ordem, Cliente, Servico) VALUES (180, 345, 4);
INSERT INTO Utilizacoes (Ordem, Cliente, Servico) VALUES (181, 24, 7);
INSERT INTO Utilizacoes (Ordem, Cliente, Servico) VALUES (182, 325, 4);
INSERT INTO Utilizacoes (Ordem, Cliente, Servico) VALUES (183, 97, 2);
INSERT INTO Utilizacoes (Ordem, Cliente, Servico) VALUES (184, 61, 9);
INSERT INTO Utilizacoes (Ordem, Cliente, Servico) VALUES (185, 313, 3);
INSERT INTO Utilizacoes (Ordem, Cliente, Servico) VALUES (186, 319, 5);
INSERT INTO Utilizacoes (Ordem, Cliente, Servico) VALUES (187, 386, 9);
INSERT INTO Utilizacoes (Ordem, Cliente, Servico) VALUES (188, 344, 10);
INSERT INTO Utilizacoes (Ordem, Cliente, Servico) VALUES (189, 79, 4);
INSERT INTO Utilizacoes (Ordem, Cliente, Servico) VALUES (190, 2, 6);
INSERT INTO Utilizacoes (Ordem, Cliente, Servico) VALUES (191, 109, 10);
INSERT INTO Utilizacoes (Ordem, Cliente, Servico) VALUES (192, 92, 3);
INSERT INTO Utilizacoes (Ordem, Cliente, Servico) VALUES (193, 24, 8);
INSERT INTO Utilizacoes (Ordem, Cliente, Servico) VALUES (194, 392, 8);
INSERT INTO Utilizacoes (Ordem, Cliente, Servico) VALUES (195, 122, 6);
INSERT INTO Utilizacoes (Ordem, Cliente, Servico) VALUES (196, 152, 5);
INSERT INTO Utilizacoes (Ordem, Cliente, Servico) VALUES (197, 229, 7);
INSERT INTO Utilizacoes (Ordem, Cliente, Servico) VALUES (198, 255, 10);
INSERT INTO Utilizacoes (Ordem, Cliente, Servico) VALUES (199, 351, 10);
INSERT INTO Utilizacoes (Ordem, Cliente, Servico) VALUES (200, 384, 4);
INSERT INTO Utilizacoes (Ordem, Cliente, Servico) VALUES (201, 130, 7);
INSERT INTO Utilizacoes (Ordem, Cliente, Servico) VALUES (202, 280, 4);
INSERT INTO Utilizacoes (Ordem, Cliente, Servico) VALUES (203, 45, 10);
INSERT INTO Utilizacoes (Ordem, Cliente, Servico) VALUES (204, 372, 8);
INSERT INTO Utilizacoes (Ordem, Cliente, Servico) VALUES (205, 66, 3);
INSERT INTO Utilizacoes (Ordem, Cliente, Servico) VALUES (206, 289, 5);
INSERT INTO Utilizacoes (Ordem, Cliente, Servico) VALUES (207, 322, 1);
INSERT INTO Utilizacoes (Ordem, Cliente, Servico) VALUES (208, 180, 5);
INSERT INTO Utilizacoes (Ordem, Cliente, Servico) VALUES (209, 139, 9);
INSERT INTO Utilizacoes (Ordem, Cliente, Servico) VALUES (210, 212, 9);
INSERT INTO Utilizacoes (Ordem, Cliente, Servico) VALUES (211, 252, 8);
INSERT INTO Utilizacoes (Ordem, Cliente, Servico) VALUES (212, 324, 6);
INSERT INTO Utilizacoes (Ordem, Cliente, Servico) VALUES (213, 118, 8);
INSERT INTO Utilizacoes (Ordem, Cliente, Servico) VALUES (214, 232, 6);
INSERT INTO Utilizacoes (Ordem, Cliente, Servico) VALUES (215, 2, 7);
INSERT INTO Utilizacoes (Ordem, Cliente, Servico) VALUES (216, 176, 4);
INSERT INTO Utilizacoes (Ordem, Cliente, Servico) VALUES (217, 149, 4);
INSERT INTO Utilizacoes (Ordem, Cliente, Servico) VALUES (218, 334, 6);
INSERT INTO Utilizacoes (Ordem, Cliente, Servico) VALUES (219, 164, 7);
INSERT INTO Utilizacoes (Ordem, Cliente, Servico) VALUES (220, 75, 2);
INSERT INTO Utilizacoes (Ordem, Cliente, Servico) VALUES (221, 324, 7);
INSERT INTO Utilizacoes (Ordem, Cliente, Servico) VALUES (222, 3, 9);
INSERT INTO Utilizacoes (Ordem, Cliente, Servico) VALUES (223, 214, 5);
INSERT INTO Utilizacoes (Ordem, Cliente, Servico) VALUES (224, 143, 8);
INSERT INTO Utilizacoes (Ordem, Cliente, Servico) VALUES (225, 83, 3);
INSERT INTO Utilizacoes (Ordem, Cliente, Servico) VALUES (226, 291, 2);
INSERT INTO Utilizacoes (Ordem, Cliente, Servico) VALUES (227, 72, 7);
INSERT INTO Utilizacoes (Ordem, Cliente, Servico) VALUES (228, 181, 8);
INSERT INTO Utilizacoes (Ordem, Cliente, Servico) VALUES (229, 91, 8);
INSERT INTO Utilizacoes (Ordem, Cliente, Servico) VALUES (230, 58, 1);
INSERT INTO Utilizacoes (Ordem, Cliente, Servico) VALUES (231, 108, 1);
INSERT INTO Utilizacoes (Ordem, Cliente, Servico) VALUES (232, 382, 6);
INSERT INTO Utilizacoes (Ordem, Cliente, Servico) VALUES (233, 240, 8);
INSERT INTO Utilizacoes (Ordem, Cliente, Servico) VALUES (234, 114, 8);
INSERT INTO Utilizacoes (Ordem, Cliente, Servico) VALUES (235, 173, 1);
INSERT INTO Utilizacoes (Ordem, Cliente, Servico) VALUES (236, 278, 7);
INSERT INTO Utilizacoes (Ordem, Cliente, Servico) VALUES (237, 112, 4);
INSERT INTO Utilizacoes (Ordem, Cliente, Servico) VALUES (238, 174, 3);
INSERT INTO Utilizacoes (Ordem, Cliente, Servico) VALUES (239, 336, 8);
INSERT INTO Utilizacoes (Ordem, Cliente, Servico) VALUES (240, 325, 3);
INSERT INTO Utilizacoes (Ordem, Cliente, Servico) VALUES (241, 318, 2);
INSERT INTO Utilizacoes (Ordem, Cliente, Servico) VALUES (242, 131, 6);
INSERT INTO Utilizacoes (Ordem, Cliente, Servico) VALUES (243, 287, 9);
INSERT INTO Utilizacoes (Ordem, Cliente, Servico) VALUES (244, 361, 6);
INSERT INTO Utilizacoes (Ordem, Cliente, Servico) VALUES (245, 104, 4);
INSERT INTO Utilizacoes (Ordem, Cliente, Servico) VALUES (246, 261, 3);
INSERT INTO Utilizacoes (Ordem, Cliente, Servico) VALUES (247, 166, 9);
INSERT INTO Utilizacoes (Ordem, Cliente, Servico) VALUES (248, 203, 2);
INSERT INTO Utilizacoes (Ordem, Cliente, Servico) VALUES (249, 265, 7);
INSERT INTO Utilizacoes (Ordem, Cliente, Servico) VALUES (250, 349, 6);
INSERT INTO Utilizacoes (Ordem, Cliente, Servico) VALUES (251, 145, 4);
INSERT INTO Utilizacoes (Ordem, Cliente, Servico) VALUES (252, 5, 8);
INSERT INTO Utilizacoes (Ordem, Cliente, Servico) VALUES (253, 39, 3);
INSERT INTO Utilizacoes (Ordem, Cliente, Servico) VALUES (254, 135, 1);
INSERT INTO Utilizacoes (Ordem, Cliente, Servico) VALUES (255, 374, 6);
INSERT INTO Utilizacoes (Ordem, Cliente, Servico) VALUES (256, 10, 1);
INSERT INTO Utilizacoes (Ordem, Cliente, Servico) VALUES (257, 380, 5);
INSERT INTO Utilizacoes (Ordem, Cliente, Servico) VALUES (258, 74, 9);
INSERT INTO Utilizacoes (Ordem, Cliente, Servico) VALUES (259, 6, 5);
INSERT INTO Utilizacoes (Ordem, Cliente, Servico) VALUES (260, 10, 9);
INSERT INTO Utilizacoes (Ordem, Cliente, Servico) VALUES (261, 327, 5);
INSERT INTO Utilizacoes (Ordem, Cliente, Servico) VALUES (262, 298, 5);
INSERT INTO Utilizacoes (Ordem, Cliente, Servico) VALUES (263, 296, 4);
INSERT INTO Utilizacoes (Ordem, Cliente, Servico) VALUES (264, 283, 3);
INSERT INTO Utilizacoes (Ordem, Cliente, Servico) VALUES (265, 275, 10);
INSERT INTO Utilizacoes (Ordem, Cliente, Servico) VALUES (266, 165, 1);
INSERT INTO Utilizacoes (Ordem, Cliente, Servico) VALUES (267, 329, 5);
INSERT INTO Utilizacoes (Ordem, Cliente, Servico) VALUES (268, 385, 4);
INSERT INTO Utilizacoes (Ordem, Cliente, Servico) VALUES (269, 167, 2);
INSERT INTO Utilizacoes (Ordem, Cliente, Servico) VALUES (270, 224, 10);
INSERT INTO Utilizacoes (Ordem, Cliente, Servico) VALUES (271, 374, 2);
INSERT INTO Utilizacoes (Ordem, Cliente, Servico) VALUES (272, 17, 9);
INSERT INTO Utilizacoes (Ordem, Cliente, Servico) VALUES (273, 136, 8);
INSERT INTO Utilizacoes (Ordem, Cliente, Servico) VALUES (274, 181, 9);
INSERT INTO Utilizacoes (Ordem, Cliente, Servico) VALUES (275, 58, 3);
INSERT INTO Utilizacoes (Ordem, Cliente, Servico) VALUES (276, 320, 1);
INSERT INTO Utilizacoes (Ordem, Cliente, Servico) VALUES (277, 386, 1);
INSERT INTO Utilizacoes (Ordem, Cliente, Servico) VALUES (278, 311, 1);
INSERT INTO Utilizacoes (Ordem, Cliente, Servico) VALUES (279, 250, 2);
INSERT INTO Utilizacoes (Ordem, Cliente, Servico) VALUES (280, 109, 6);
INSERT INTO Utilizacoes (Ordem, Cliente, Servico) VALUES (281, 190, 4);
INSERT INTO Utilizacoes (Ordem, Cliente, Servico) VALUES (282, 132, 1);
INSERT INTO Utilizacoes (Ordem, Cliente, Servico) VALUES (283, 45, 2);
INSERT INTO Utilizacoes (Ordem, Cliente, Servico) VALUES (284, 312, 3);
INSERT INTO Utilizacoes (Ordem, Cliente, Servico) VALUES (285, 78, 5);
INSERT INTO Utilizacoes (Ordem, Cliente, Servico) VALUES (286, 98, 5);
INSERT INTO Utilizacoes (Ordem, Cliente, Servico) VALUES (287, 58, 3);
INSERT INTO Utilizacoes (Ordem, Cliente, Servico) VALUES (288, 57, 4);
INSERT INTO Utilizacoes (Ordem, Cliente, Servico) VALUES (289, 66, 5);
INSERT INTO Utilizacoes (Ordem, Cliente, Servico) VALUES (290, 170, 9);
INSERT INTO Utilizacoes (Ordem, Cliente, Servico) VALUES (291, 111, 4);
INSERT INTO Utilizacoes (Ordem, Cliente, Servico) VALUES (292, 339, 6);
INSERT INTO Utilizacoes (Ordem, Cliente, Servico) VALUES (293, 102, 4);
INSERT INTO Utilizacoes (Ordem, Cliente, Servico) VALUES (294, 115, 8);
INSERT INTO Utilizacoes (Ordem, Cliente, Servico) VALUES (295, 170, 3);
INSERT INTO Utilizacoes (Ordem, Cliente, Servico) VALUES (296, 155, 1);
INSERT INTO Utilizacoes (Ordem, Cliente, Servico) VALUES (297, 336, 8);
INSERT INTO Utilizacoes (Ordem, Cliente, Servico) VALUES (298, 187, 2);
INSERT INTO Utilizacoes (Ordem, Cliente, Servico) VALUES (299, 342, 2);
INSERT INTO Utilizacoes (Ordem, Cliente, Servico) VALUES (300, 130, 2);
INSERT INTO Utilizacoes (Ordem, Cliente, Servico) VALUES (301, 12, 1);
INSERT INTO Utilizacoes (Ordem, Cliente, Servico) VALUES (302, 195, 5);
INSERT INTO Utilizacoes (Ordem, Cliente, Servico) VALUES (303, 9, 5);
INSERT INTO Utilizacoes (Ordem, Cliente, Servico) VALUES (304, 216, 6);
INSERT INTO Utilizacoes (Ordem, Cliente, Servico) VALUES (305, 187, 3);
INSERT INTO Utilizacoes (Ordem, Cliente, Servico) VALUES (306, 200, 1);
INSERT INTO Utilizacoes (Ordem, Cliente, Servico) VALUES (307, 7, 2);
INSERT INTO Utilizacoes (Ordem, Cliente, Servico) VALUES (308, 255, 1);
INSERT INTO Utilizacoes (Ordem, Cliente, Servico) VALUES (309, 224, 1);
INSERT INTO Utilizacoes (Ordem, Cliente, Servico) VALUES (310, 234, 10);
INSERT INTO Utilizacoes (Ordem, Cliente, Servico) VALUES (311, 347, 6);
INSERT INTO Utilizacoes (Ordem, Cliente, Servico) VALUES (312, 53, 10);
INSERT INTO Utilizacoes (Ordem, Cliente, Servico) VALUES (313, 373, 8);
INSERT INTO Utilizacoes (Ordem, Cliente, Servico) VALUES (314, 92, 5);
INSERT INTO Utilizacoes (Ordem, Cliente, Servico) VALUES (315, 204, 4);
INSERT INTO Utilizacoes (Ordem, Cliente, Servico) VALUES (316, 391, 7);
INSERT INTO Utilizacoes (Ordem, Cliente, Servico) VALUES (317, 87, 9);
INSERT INTO Utilizacoes (Ordem, Cliente, Servico) VALUES (318, 164, 8);
INSERT INTO Utilizacoes (Ordem, Cliente, Servico) VALUES (319, 218, 4);
INSERT INTO Utilizacoes (Ordem, Cliente, Servico) VALUES (320, 353, 7);
INSERT INTO Utilizacoes (Ordem, Cliente, Servico) VALUES (321, 287, 4);
INSERT INTO Utilizacoes (Ordem, Cliente, Servico) VALUES (322, 197, 6);
INSERT INTO Utilizacoes (Ordem, Cliente, Servico) VALUES (323, 296, 4);
INSERT INTO Utilizacoes (Ordem, Cliente, Servico) VALUES (324, 231, 4);
INSERT INTO Utilizacoes (Ordem, Cliente, Servico) VALUES (325, 58, 4);
INSERT INTO Utilizacoes (Ordem, Cliente, Servico) VALUES (326, 10, 2);
INSERT INTO Utilizacoes (Ordem, Cliente, Servico) VALUES (327, 313, 7);
INSERT INTO Utilizacoes (Ordem, Cliente, Servico) VALUES (328, 176, 10);
INSERT INTO Utilizacoes (Ordem, Cliente, Servico) VALUES (329, 351, 1);
INSERT INTO Utilizacoes (Ordem, Cliente, Servico) VALUES (330, 171, 3);
INSERT INTO Utilizacoes (Ordem, Cliente, Servico) VALUES (331, 23, 10);
INSERT INTO Utilizacoes (Ordem, Cliente, Servico) VALUES (332, 8, 7);
INSERT INTO Utilizacoes (Ordem, Cliente, Servico) VALUES (333, 3, 7);
INSERT INTO Utilizacoes (Ordem, Cliente, Servico) VALUES (334, 19, 7);
INSERT INTO Utilizacoes (Ordem, Cliente, Servico) VALUES (335, 147, 1);
INSERT INTO Utilizacoes (Ordem, Cliente, Servico) VALUES (336, 216, 5);
INSERT INTO Utilizacoes (Ordem, Cliente, Servico) VALUES (337, 311, 7);
INSERT INTO Utilizacoes (Ordem, Cliente, Servico) VALUES (338, 285, 5);
INSERT INTO Utilizacoes (Ordem, Cliente, Servico) VALUES (339, 302, 7);
INSERT INTO Utilizacoes (Ordem, Cliente, Servico) VALUES (340, 168, 6);
INSERT INTO Utilizacoes (Ordem, Cliente, Servico) VALUES (341, 98, 1);
INSERT INTO Utilizacoes (Ordem, Cliente, Servico) VALUES (342, 5, 5);
INSERT INTO Utilizacoes (Ordem, Cliente, Servico) VALUES (343, 130, 8);
INSERT INTO Utilizacoes (Ordem, Cliente, Servico) VALUES (344, 175, 3);
INSERT INTO Utilizacoes (Ordem, Cliente, Servico) VALUES (345, 228, 2);
INSERT INTO Utilizacoes (Ordem, Cliente, Servico) VALUES (346, 225, 8);
INSERT INTO Utilizacoes (Ordem, Cliente, Servico) VALUES (347, 155, 3);
INSERT INTO Utilizacoes (Ordem, Cliente, Servico) VALUES (348, 326, 10);
INSERT INTO Utilizacoes (Ordem, Cliente, Servico) VALUES (349, 190, 4);
INSERT INTO Utilizacoes (Ordem, Cliente, Servico) VALUES (350, 326, 3);
INSERT INTO Utilizacoes (Ordem, Cliente, Servico) VALUES (351, 152, 2);
INSERT INTO Utilizacoes (Ordem, Cliente, Servico) VALUES (352, 88, 4);
INSERT INTO Utilizacoes (Ordem, Cliente, Servico) VALUES (353, 165, 2);
INSERT INTO Utilizacoes (Ordem, Cliente, Servico) VALUES (354, 261, 8);
INSERT INTO Utilizacoes (Ordem, Cliente, Servico) VALUES (355, 30, 7);
INSERT INTO Utilizacoes (Ordem, Cliente, Servico) VALUES (356, 94, 7);
INSERT INTO Utilizacoes (Ordem, Cliente, Servico) VALUES (357, 278, 2);
INSERT INTO Utilizacoes (Ordem, Cliente, Servico) VALUES (358, 57, 8);
INSERT INTO Utilizacoes (Ordem, Cliente, Servico) VALUES (359, 291, 4);
INSERT INTO Utilizacoes (Ordem, Cliente, Servico) VALUES (360, 253, 5);
INSERT INTO Utilizacoes (Ordem, Cliente, Servico) VALUES (361, 378, 4);
INSERT INTO Utilizacoes (Ordem, Cliente, Servico) VALUES (362, 258, 5);
INSERT INTO Utilizacoes (Ordem, Cliente, Servico) VALUES (363, 12, 3);
INSERT INTO Utilizacoes (Ordem, Cliente, Servico) VALUES (364, 69, 8);
INSERT INTO Utilizacoes (Ordem, Cliente, Servico) VALUES (365, 292, 7);
INSERT INTO Utilizacoes (Ordem, Cliente, Servico) VALUES (366, 144, 6);
INSERT INTO Utilizacoes (Ordem, Cliente, Servico) VALUES (367, 100, 5);
INSERT INTO Utilizacoes (Ordem, Cliente, Servico) VALUES (368, 132, 7);
INSERT INTO Utilizacoes (Ordem, Cliente, Servico) VALUES (369, 120, 6);
INSERT INTO Utilizacoes (Ordem, Cliente, Servico) VALUES (370, 29, 9);
INSERT INTO Utilizacoes (Ordem, Cliente, Servico) VALUES (371, 138, 9);
INSERT INTO Utilizacoes (Ordem, Cliente, Servico) VALUES (372, 56, 9);
INSERT INTO Utilizacoes (Ordem, Cliente, Servico) VALUES (373, 311, 4);
INSERT INTO Utilizacoes (Ordem, Cliente, Servico) VALUES (374, 159, 6);
INSERT INTO Utilizacoes (Ordem, Cliente, Servico) VALUES (375, 173, 4);
INSERT INTO Utilizacoes (Ordem, Cliente, Servico) VALUES (376, 167, 9);
INSERT INTO Utilizacoes (Ordem, Cliente, Servico) VALUES (377, 118, 7);
INSERT INTO Utilizacoes (Ordem, Cliente, Servico) VALUES (378, 270, 7);
INSERT INTO Utilizacoes (Ordem, Cliente, Servico) VALUES (379, 367, 10);
INSERT INTO Utilizacoes (Ordem, Cliente, Servico) VALUES (380, 294, 2);
INSERT INTO Utilizacoes (Ordem, Cliente, Servico) VALUES (381, 336, 10);
INSERT INTO Utilizacoes (Ordem, Cliente, Servico) VALUES (382, 237, 5);
INSERT INTO Utilizacoes (Ordem, Cliente, Servico) VALUES (383, 214, 2);
INSERT INTO Utilizacoes (Ordem, Cliente, Servico) VALUES (384, 286, 8);
INSERT INTO Utilizacoes (Ordem, Cliente, Servico) VALUES (385, 341, 2);
INSERT INTO Utilizacoes (Ordem, Cliente, Servico) VALUES (386, 395, 9);
INSERT INTO Utilizacoes (Ordem, Cliente, Servico) VALUES (387, 45, 2);
INSERT INTO Utilizacoes (Ordem, Cliente, Servico) VALUES (388, 327, 7);
INSERT INTO Utilizacoes (Ordem, Cliente, Servico) VALUES (389, 282, 2);
INSERT INTO Utilizacoes (Ordem, Cliente, Servico) VALUES (390, 256, 9);
INSERT INTO Utilizacoes (Ordem, Cliente, Servico) VALUES (391, 299, 1);
INSERT INTO Utilizacoes (Ordem, Cliente, Servico) VALUES (392, 340, 10);
INSERT INTO Utilizacoes (Ordem, Cliente, Servico) VALUES (393, 15, 9);
INSERT INTO Utilizacoes (Ordem, Cliente, Servico) VALUES (394, 278, 2);
INSERT INTO Utilizacoes (Ordem, Cliente, Servico) VALUES (395, 62, 7);
INSERT INTO Utilizacoes (Ordem, Cliente, Servico) VALUES (396, 79, 2);
INSERT INTO Utilizacoes (Ordem, Cliente, Servico) VALUES (397, 164, 5);
INSERT INTO Utilizacoes (Ordem, Cliente, Servico) VALUES (398, 154, 7);
INSERT INTO Utilizacoes (Ordem, Cliente, Servico) VALUES (399, 147, 9);
INSERT INTO Utilizacoes (Ordem, Cliente, Servico) VALUES (400, 23, 1);
INSERT INTO Utilizacoes (Ordem, Cliente, Servico) VALUES (401, 213, 7);
INSERT INTO Utilizacoes (Ordem, Cliente, Servico) VALUES (402, 365, 9);
INSERT INTO Utilizacoes (Ordem, Cliente, Servico) VALUES (403, 268, 4);
INSERT INTO Utilizacoes (Ordem, Cliente, Servico) VALUES (404, 38, 8);
INSERT INTO Utilizacoes (Ordem, Cliente, Servico) VALUES (405, 77, 4);
INSERT INTO Utilizacoes (Ordem, Cliente, Servico) VALUES (406, 364, 6);
INSERT INTO Utilizacoes (Ordem, Cliente, Servico) VALUES (407, 345, 7);
INSERT INTO Utilizacoes (Ordem, Cliente, Servico) VALUES (408, 296, 2);
INSERT INTO Utilizacoes (Ordem, Cliente, Servico) VALUES (409, 312, 1);
INSERT INTO Utilizacoes (Ordem, Cliente, Servico) VALUES (410, 190, 7);
INSERT INTO Utilizacoes (Ordem, Cliente, Servico) VALUES (411, 184, 8);
INSERT INTO Utilizacoes (Ordem, Cliente, Servico) VALUES (412, 93, 3);
INSERT INTO Utilizacoes (Ordem, Cliente, Servico) VALUES (413, 20, 5);
INSERT INTO Utilizacoes (Ordem, Cliente, Servico) VALUES (414, 322, 10);
INSERT INTO Utilizacoes (Ordem, Cliente, Servico) VALUES (415, 12, 1);
INSERT INTO Utilizacoes (Ordem, Cliente, Servico) VALUES (416, 345, 9);
INSERT INTO Utilizacoes (Ordem, Cliente, Servico) VALUES (417, 184, 8);
INSERT INTO Utilizacoes (Ordem, Cliente, Servico) VALUES (418, 49, 9);
INSERT INTO Utilizacoes (Ordem, Cliente, Servico) VALUES (419, 111, 8);
INSERT INTO Utilizacoes (Ordem, Cliente, Servico) VALUES (420, 73, 10);
INSERT INTO Utilizacoes (Ordem, Cliente, Servico) VALUES (421, 6, 8);
INSERT INTO Utilizacoes (Ordem, Cliente, Servico) VALUES (422, 296, 3);
INSERT INTO Utilizacoes (Ordem, Cliente, Servico) VALUES (423, 265, 6);
INSERT INTO Utilizacoes (Ordem, Cliente, Servico) VALUES (424, 55, 10);
INSERT INTO Utilizacoes (Ordem, Cliente, Servico) VALUES (425, 259, 8);
INSERT INTO Utilizacoes (Ordem, Cliente, Servico) VALUES (426, 1, 5);
INSERT INTO Utilizacoes (Ordem, Cliente, Servico) VALUES (427, 384, 10);
INSERT INTO Utilizacoes (Ordem, Cliente, Servico) VALUES (428, 353, 5);
INSERT INTO Utilizacoes (Ordem, Cliente, Servico) VALUES (429, 137, 6);
INSERT INTO Utilizacoes (Ordem, Cliente, Servico) VALUES (430, 81, 8);
INSERT INTO Utilizacoes (Ordem, Cliente, Servico) VALUES (431, 284, 6);
INSERT INTO Utilizacoes (Ordem, Cliente, Servico) VALUES (432, 289, 1);
INSERT INTO Utilizacoes (Ordem, Cliente, Servico) VALUES (433, 134, 10);
INSERT INTO Utilizacoes (Ordem, Cliente, Servico) VALUES (434, 370, 1);
INSERT INTO Utilizacoes (Ordem, Cliente, Servico) VALUES (435, 194, 3);
INSERT INTO Utilizacoes (Ordem, Cliente, Servico) VALUES (436, 369, 9);
INSERT INTO Utilizacoes (Ordem, Cliente, Servico) VALUES (437, 314, 1);
INSERT INTO Utilizacoes (Ordem, Cliente, Servico) VALUES (438, 123, 3);
INSERT INTO Utilizacoes (Ordem, Cliente, Servico) VALUES (439, 185, 2);
INSERT INTO Utilizacoes (Ordem, Cliente, Servico) VALUES (440, 65, 6);
INSERT INTO Utilizacoes (Ordem, Cliente, Servico) VALUES (441, 62, 9);
INSERT INTO Utilizacoes (Ordem, Cliente, Servico) VALUES (442, 24, 8);
INSERT INTO Utilizacoes (Ordem, Cliente, Servico) VALUES (443, 258, 6);
INSERT INTO Utilizacoes (Ordem, Cliente, Servico) VALUES (444, 269, 3);
INSERT INTO Utilizacoes (Ordem, Cliente, Servico) VALUES (445, 380, 3);
INSERT INTO Utilizacoes (Ordem, Cliente, Servico) VALUES (446, 371, 7);
INSERT INTO Utilizacoes (Ordem, Cliente, Servico) VALUES (447, 106, 5);
INSERT INTO Utilizacoes (Ordem, Cliente, Servico) VALUES (448, 222, 2);
INSERT INTO Utilizacoes (Ordem, Cliente, Servico) VALUES (449, 383, 8);
INSERT INTO Utilizacoes (Ordem, Cliente, Servico) VALUES (450, 236, 8);
INSERT INTO Utilizacoes (Ordem, Cliente, Servico) VALUES (451, 178, 6);
INSERT INTO Utilizacoes (Ordem, Cliente, Servico) VALUES (452, 138, 9);
INSERT INTO Utilizacoes (Ordem, Cliente, Servico) VALUES (453, 276, 4);
INSERT INTO Utilizacoes (Ordem, Cliente, Servico) VALUES (454, 230, 4);
INSERT INTO Utilizacoes (Ordem, Cliente, Servico) VALUES (455, 206, 7);
INSERT INTO Utilizacoes (Ordem, Cliente, Servico) VALUES (456, 227, 4);
INSERT INTO Utilizacoes (Ordem, Cliente, Servico) VALUES (457, 158, 4);
INSERT INTO Utilizacoes (Ordem, Cliente, Servico) VALUES (458, 52, 2);
INSERT INTO Utilizacoes (Ordem, Cliente, Servico) VALUES (459, 155, 6);
INSERT INTO Utilizacoes (Ordem, Cliente, Servico) VALUES (460, 96, 1);
INSERT INTO Utilizacoes (Ordem, Cliente, Servico) VALUES (461, 396, 7);
INSERT INTO Utilizacoes (Ordem, Cliente, Servico) VALUES (462, 27, 9);
INSERT INTO Utilizacoes (Ordem, Cliente, Servico) VALUES (463, 106, 5);
INSERT INTO Utilizacoes (Ordem, Cliente, Servico) VALUES (464, 86, 3);
INSERT INTO Utilizacoes (Ordem, Cliente, Servico) VALUES (465, 396, 4);
INSERT INTO Utilizacoes (Ordem, Cliente, Servico) VALUES (466, 302, 8);
INSERT INTO Utilizacoes (Ordem, Cliente, Servico) VALUES (467, 392, 5);
INSERT INTO Utilizacoes (Ordem, Cliente, Servico) VALUES (468, 255, 1);
INSERT INTO Utilizacoes (Ordem, Cliente, Servico) VALUES (469, 186, 2);
INSERT INTO Utilizacoes (Ordem, Cliente, Servico) VALUES (470, 25, 3);
INSERT INTO Utilizacoes (Ordem, Cliente, Servico) VALUES (471, 360, 2);
INSERT INTO Utilizacoes (Ordem, Cliente, Servico) VALUES (472, 245, 8);
INSERT INTO Utilizacoes (Ordem, Cliente, Servico) VALUES (473, 25, 10);
INSERT INTO Utilizacoes (Ordem, Cliente, Servico) VALUES (474, 283, 9);
INSERT INTO Utilizacoes (Ordem, Cliente, Servico) VALUES (475, 53, 7);
INSERT INTO Utilizacoes (Ordem, Cliente, Servico) VALUES (476, 214, 4);
INSERT INTO Utilizacoes (Ordem, Cliente, Servico) VALUES (477, 388, 9);
INSERT INTO Utilizacoes (Ordem, Cliente, Servico) VALUES (478, 202, 9);
INSERT INTO Utilizacoes (Ordem, Cliente, Servico) VALUES (479, 226, 9);
INSERT INTO Utilizacoes (Ordem, Cliente, Servico) VALUES (480, 385, 5);
INSERT INTO Utilizacoes (Ordem, Cliente, Servico) VALUES (481, 283, 4);
INSERT INTO Utilizacoes (Ordem, Cliente, Servico) VALUES (482, 245, 9);
INSERT INTO Utilizacoes (Ordem, Cliente, Servico) VALUES (483, 54, 10);
INSERT INTO Utilizacoes (Ordem, Cliente, Servico) VALUES (484, 341, 1);
INSERT INTO Utilizacoes (Ordem, Cliente, Servico) VALUES (485, 350, 8);
INSERT INTO Utilizacoes (Ordem, Cliente, Servico) VALUES (486, 376, 5);
INSERT INTO Utilizacoes (Ordem, Cliente, Servico) VALUES (487, 227, 5);
INSERT INTO Utilizacoes (Ordem, Cliente, Servico) VALUES (488, 399, 10);
INSERT INTO Utilizacoes (Ordem, Cliente, Servico) VALUES (489, 67, 9);
INSERT INTO Utilizacoes (Ordem, Cliente, Servico) VALUES (490, 360, 8);
INSERT INTO Utilizacoes (Ordem, Cliente, Servico) VALUES (491, 381, 2);
INSERT INTO Utilizacoes (Ordem, Cliente, Servico) VALUES (492, 27, 2);
INSERT INTO Utilizacoes (Ordem, Cliente, Servico) VALUES (493, 251, 2);
INSERT INTO Utilizacoes (Ordem, Cliente, Servico) VALUES (494, 207, 2);
INSERT INTO Utilizacoes (Ordem, Cliente, Servico) VALUES (495, 112, 2);
INSERT INTO Utilizacoes (Ordem, Cliente, Servico) VALUES (496, 162, 4);
INSERT INTO Utilizacoes (Ordem, Cliente, Servico) VALUES (497, 264, 7);
INSERT INTO Utilizacoes (Ordem, Cliente, Servico) VALUES (498, 229, 3);
INSERT INTO Utilizacoes (Ordem, Cliente, Servico) VALUES (499, 144, 8);
INSERT INTO Utilizacoes (Ordem, Cliente, Servico) VALUES (500, 310, 3);
INSERT INTO Utilizacoes (Ordem, Cliente, Servico) VALUES (501, 164, 10);
INSERT INTO Utilizacoes (Ordem, Cliente, Servico) VALUES (502, 3, 1);
INSERT INTO Utilizacoes (Ordem, Cliente, Servico) VALUES (503, 338, 8);
INSERT INTO Utilizacoes (Ordem, Cliente, Servico) VALUES (504, 37, 5);
INSERT INTO Utilizacoes (Ordem, Cliente, Servico) VALUES (505, 159, 9);
INSERT INTO Utilizacoes (Ordem, Cliente, Servico) VALUES (506, 1, 3);
INSERT INTO Utilizacoes (Ordem, Cliente, Servico) VALUES (507, 374, 4);
INSERT INTO Utilizacoes (Ordem, Cliente, Servico) VALUES (508, 339, 1);
INSERT INTO Utilizacoes (Ordem, Cliente, Servico) VALUES (509, 92, 4);
INSERT INTO Utilizacoes (Ordem, Cliente, Servico) VALUES (510, 178, 1);
INSERT INTO Utilizacoes (Ordem, Cliente, Servico) VALUES (511, 275, 2);
INSERT INTO Utilizacoes (Ordem, Cliente, Servico) VALUES (512, 370, 9);
INSERT INTO Utilizacoes (Ordem, Cliente, Servico) VALUES (513, 28, 5);
INSERT INTO Utilizacoes (Ordem, Cliente, Servico) VALUES (514, 309, 5);
INSERT INTO Utilizacoes (Ordem, Cliente, Servico) VALUES (515, 304, 6);
INSERT INTO Utilizacoes (Ordem, Cliente, Servico) VALUES (516, 212, 3);
INSERT INTO Utilizacoes (Ordem, Cliente, Servico) VALUES (517, 157, 6);
INSERT INTO Utilizacoes (Ordem, Cliente, Servico) VALUES (518, 155, 10);
INSERT INTO Utilizacoes (Ordem, Cliente, Servico) VALUES (519, 250, 8);
INSERT INTO Utilizacoes (Ordem, Cliente, Servico) VALUES (520, 235, 2);
INSERT INTO Utilizacoes (Ordem, Cliente, Servico) VALUES (521, 376, 9);
INSERT INTO Utilizacoes (Ordem, Cliente, Servico) VALUES (522, 162, 6);
INSERT INTO Utilizacoes (Ordem, Cliente, Servico) VALUES (523, 197, 8);
INSERT INTO Utilizacoes (Ordem, Cliente, Servico) VALUES (524, 228, 7);
INSERT INTO Utilizacoes (Ordem, Cliente, Servico) VALUES (525, 46, 9);
INSERT INTO Utilizacoes (Ordem, Cliente, Servico) VALUES (526, 163, 8);
INSERT INTO Utilizacoes (Ordem, Cliente, Servico) VALUES (527, 139, 7);
INSERT INTO Utilizacoes (Ordem, Cliente, Servico) VALUES (528, 368, 3);
INSERT INTO Utilizacoes (Ordem, Cliente, Servico) VALUES (529, 72, 8);
INSERT INTO Utilizacoes (Ordem, Cliente, Servico) VALUES (530, 302, 1);
INSERT INTO Utilizacoes (Ordem, Cliente, Servico) VALUES (531, 109, 10);
INSERT INTO Utilizacoes (Ordem, Cliente, Servico) VALUES (532, 167, 4);
INSERT INTO Utilizacoes (Ordem, Cliente, Servico) VALUES (533, 215, 10);
INSERT INTO Utilizacoes (Ordem, Cliente, Servico) VALUES (534, 85, 8);
INSERT INTO Utilizacoes (Ordem, Cliente, Servico) VALUES (535, 30, 9);
INSERT INTO Utilizacoes (Ordem, Cliente, Servico) VALUES (536, 43, 8);
INSERT INTO Utilizacoes (Ordem, Cliente, Servico) VALUES (537, 297, 1);
INSERT INTO Utilizacoes (Ordem, Cliente, Servico) VALUES (538, 168, 1);
INSERT INTO Utilizacoes (Ordem, Cliente, Servico) VALUES (539, 220, 2);
INSERT INTO Utilizacoes (Ordem, Cliente, Servico) VALUES (540, 347, 8);
INSERT INTO Utilizacoes (Ordem, Cliente, Servico) VALUES (541, 257, 4);
INSERT INTO Utilizacoes (Ordem, Cliente, Servico) VALUES (542, 172, 10);
INSERT INTO Utilizacoes (Ordem, Cliente, Servico) VALUES (543, 212, 8);
INSERT INTO Utilizacoes (Ordem, Cliente, Servico) VALUES (544, 55, 4);
INSERT INTO Utilizacoes (Ordem, Cliente, Servico) VALUES (545, 171, 9);
INSERT INTO Utilizacoes (Ordem, Cliente, Servico) VALUES (546, 219, 3);
INSERT INTO Utilizacoes (Ordem, Cliente, Servico) VALUES (547, 145, 4);
INSERT INTO Utilizacoes (Ordem, Cliente, Servico) VALUES (548, 43, 6);
INSERT INTO Utilizacoes (Ordem, Cliente, Servico) VALUES (549, 41, 3);
INSERT INTO Utilizacoes (Ordem, Cliente, Servico) VALUES (550, 147, 10);
INSERT INTO Utilizacoes (Ordem, Cliente, Servico) VALUES (551, 40, 8);
INSERT INTO Utilizacoes (Ordem, Cliente, Servico) VALUES (552, 201, 7);
INSERT INTO Utilizacoes (Ordem, Cliente, Servico) VALUES (553, 170, 5);
INSERT INTO Utilizacoes (Ordem, Cliente, Servico) VALUES (554, 34, 5);
INSERT INTO Utilizacoes (Ordem, Cliente, Servico) VALUES (555, 356, 7);
INSERT INTO Utilizacoes (Ordem, Cliente, Servico) VALUES (556, 241, 9);
INSERT INTO Utilizacoes (Ordem, Cliente, Servico) VALUES (557, 337, 5);
INSERT INTO Utilizacoes (Ordem, Cliente, Servico) VALUES (558, 204, 3);
INSERT INTO Utilizacoes (Ordem, Cliente, Servico) VALUES (559, 81, 7);
INSERT INTO Utilizacoes (Ordem, Cliente, Servico) VALUES (560, 358, 9);
INSERT INTO Utilizacoes (Ordem, Cliente, Servico) VALUES (561, 393, 8);
INSERT INTO Utilizacoes (Ordem, Cliente, Servico) VALUES (562, 273, 9);
INSERT INTO Utilizacoes (Ordem, Cliente, Servico) VALUES (563, 73, 5);
INSERT INTO Utilizacoes (Ordem, Cliente, Servico) VALUES (564, 380, 9);
INSERT INTO Utilizacoes (Ordem, Cliente, Servico) VALUES (565, 82, 9);
INSERT INTO Utilizacoes (Ordem, Cliente, Servico) VALUES (566, 215, 1);
INSERT INTO Utilizacoes (Ordem, Cliente, Servico) VALUES (567, 174, 7);
INSERT INTO Utilizacoes (Ordem, Cliente, Servico) VALUES (568, 184, 3);
INSERT INTO Utilizacoes (Ordem, Cliente, Servico) VALUES (569, 362, 3);
INSERT INTO Utilizacoes (Ordem, Cliente, Servico) VALUES (570, 193, 9);
INSERT INTO Utilizacoes (Ordem, Cliente, Servico) VALUES (571, 215, 6);
INSERT INTO Utilizacoes (Ordem, Cliente, Servico) VALUES (572, 224, 9);
INSERT INTO Utilizacoes (Ordem, Cliente, Servico) VALUES (573, 387, 1);
INSERT INTO Utilizacoes (Ordem, Cliente, Servico) VALUES (574, 304, 6);
INSERT INTO Utilizacoes (Ordem, Cliente, Servico) VALUES (575, 310, 4);
INSERT INTO Utilizacoes (Ordem, Cliente, Servico) VALUES (576, 243, 2);
INSERT INTO Utilizacoes (Ordem, Cliente, Servico) VALUES (577, 24, 4);
INSERT INTO Utilizacoes (Ordem, Cliente, Servico) VALUES (578, 229, 6);
INSERT INTO Utilizacoes (Ordem, Cliente, Servico) VALUES (579, 17, 6);
INSERT INTO Utilizacoes (Ordem, Cliente, Servico) VALUES (580, 308, 4);
INSERT INTO Utilizacoes (Ordem, Cliente, Servico) VALUES (581, 71, 10);
INSERT INTO Utilizacoes (Ordem, Cliente, Servico) VALUES (582, 147, 2);
INSERT INTO Utilizacoes (Ordem, Cliente, Servico) VALUES (583, 309, 2);
INSERT INTO Utilizacoes (Ordem, Cliente, Servico) VALUES (584, 334, 8);
INSERT INTO Utilizacoes (Ordem, Cliente, Servico) VALUES (585, 208, 1);
INSERT INTO Utilizacoes (Ordem, Cliente, Servico) VALUES (586, 172, 9);
INSERT INTO Utilizacoes (Ordem, Cliente, Servico) VALUES (587, 14, 6);
INSERT INTO Utilizacoes (Ordem, Cliente, Servico) VALUES (588, 178, 3);
INSERT INTO Utilizacoes (Ordem, Cliente, Servico) VALUES (589, 40, 6);
INSERT INTO Utilizacoes (Ordem, Cliente, Servico) VALUES (590, 183, 3);
INSERT INTO Utilizacoes (Ordem, Cliente, Servico) VALUES (591, 397, 10);
INSERT INTO Utilizacoes (Ordem, Cliente, Servico) VALUES (592, 390, 6);
INSERT INTO Utilizacoes (Ordem, Cliente, Servico) VALUES (593, 132, 10);
INSERT INTO Utilizacoes (Ordem, Cliente, Servico) VALUES (594, 358, 2);
INSERT INTO Utilizacoes (Ordem, Cliente, Servico) VALUES (595, 133, 4);
INSERT INTO Utilizacoes (Ordem, Cliente, Servico) VALUES (596, 156, 8);
INSERT INTO Utilizacoes (Ordem, Cliente, Servico) VALUES (597, 315, 7);
INSERT INTO Utilizacoes (Ordem, Cliente, Servico) VALUES (598, 198, 10);
INSERT INTO Utilizacoes (Ordem, Cliente, Servico) VALUES (599, 248, 4);
INSERT INTO Utilizacoes (Ordem, Cliente, Servico) VALUES (600, 187, 1);
INSERT INTO Utilizacoes (Ordem, Cliente, Servico) VALUES (601, 368, 4);
INSERT INTO Utilizacoes (Ordem, Cliente, Servico) VALUES (602, 103, 3);
INSERT INTO Utilizacoes (Ordem, Cliente, Servico) VALUES (603, 32, 7);
INSERT INTO Utilizacoes (Ordem, Cliente, Servico) VALUES (604, 134, 6);
INSERT INTO Utilizacoes (Ordem, Cliente, Servico) VALUES (605, 127, 10);
INSERT INTO Utilizacoes (Ordem, Cliente, Servico) VALUES (606, 191, 7);
INSERT INTO Utilizacoes (Ordem, Cliente, Servico) VALUES (607, 322, 2);
INSERT INTO Utilizacoes (Ordem, Cliente, Servico) VALUES (608, 130, 6);
INSERT INTO Utilizacoes (Ordem, Cliente, Servico) VALUES (609, 121, 5);
INSERT INTO Utilizacoes (Ordem, Cliente, Servico) VALUES (610, 388, 6);
INSERT INTO Utilizacoes (Ordem, Cliente, Servico) VALUES (611, 3, 3);
INSERT INTO Utilizacoes (Ordem, Cliente, Servico) VALUES (612, 201, 1);
INSERT INTO Utilizacoes (Ordem, Cliente, Servico) VALUES (613, 200, 10);
INSERT INTO Utilizacoes (Ordem, Cliente, Servico) VALUES (614, 289, 3);
INSERT INTO Utilizacoes (Ordem, Cliente, Servico) VALUES (615, 143, 8);
INSERT INTO Utilizacoes (Ordem, Cliente, Servico) VALUES (616, 377, 1);
INSERT INTO Utilizacoes (Ordem, Cliente, Servico) VALUES (617, 273, 1);
INSERT INTO Utilizacoes (Ordem, Cliente, Servico) VALUES (618, 243, 2);
INSERT INTO Utilizacoes (Ordem, Cliente, Servico) VALUES (619, 329, 9);
INSERT INTO Utilizacoes (Ordem, Cliente, Servico) VALUES (620, 134, 6);
INSERT INTO Utilizacoes (Ordem, Cliente, Servico) VALUES (621, 64, 3);
INSERT INTO Utilizacoes (Ordem, Cliente, Servico) VALUES (622, 368, 9);
INSERT INTO Utilizacoes (Ordem, Cliente, Servico) VALUES (623, 255, 7);
INSERT INTO Utilizacoes (Ordem, Cliente, Servico) VALUES (624, 201, 4);
INSERT INTO Utilizacoes (Ordem, Cliente, Servico) VALUES (625, 239, 1);
INSERT INTO Utilizacoes (Ordem, Cliente, Servico) VALUES (626, 204, 8);
INSERT INTO Utilizacoes (Ordem, Cliente, Servico) VALUES (627, 11, 2);
INSERT INTO Utilizacoes (Ordem, Cliente, Servico) VALUES (628, 178, 9);
INSERT INTO Utilizacoes (Ordem, Cliente, Servico) VALUES (629, 192, 2);
INSERT INTO Utilizacoes (Ordem, Cliente, Servico) VALUES (630, 290, 5);
INSERT INTO Utilizacoes (Ordem, Cliente, Servico) VALUES (631, 348, 2);
INSERT INTO Utilizacoes (Ordem, Cliente, Servico) VALUES (632, 78, 7);
INSERT INTO Utilizacoes (Ordem, Cliente, Servico) VALUES (633, 194, 10);
INSERT INTO Utilizacoes (Ordem, Cliente, Servico) VALUES (634, 314, 5);
INSERT INTO Utilizacoes (Ordem, Cliente, Servico) VALUES (635, 154, 4);
INSERT INTO Utilizacoes (Ordem, Cliente, Servico) VALUES (636, 150, 10);
INSERT INTO Utilizacoes (Ordem, Cliente, Servico) VALUES (637, 275, 5);
INSERT INTO Utilizacoes (Ordem, Cliente, Servico) VALUES (638, 11, 10);
INSERT INTO Utilizacoes (Ordem, Cliente, Servico) VALUES (639, 217, 6);
INSERT INTO Utilizacoes (Ordem, Cliente, Servico) VALUES (640, 99, 1);
INSERT INTO Utilizacoes (Ordem, Cliente, Servico) VALUES (641, 176, 6);
INSERT INTO Utilizacoes (Ordem, Cliente, Servico) VALUES (642, 216, 5);
INSERT INTO Utilizacoes (Ordem, Cliente, Servico) VALUES (643, 266, 1);
INSERT INTO Utilizacoes (Ordem, Cliente, Servico) VALUES (644, 328, 9);
INSERT INTO Utilizacoes (Ordem, Cliente, Servico) VALUES (645, 54, 7);
INSERT INTO Utilizacoes (Ordem, Cliente, Servico) VALUES (646, 91, 5);
INSERT INTO Utilizacoes (Ordem, Cliente, Servico) VALUES (647, 354, 2);
INSERT INTO Utilizacoes (Ordem, Cliente, Servico) VALUES (648, 380, 7);
INSERT INTO Utilizacoes (Ordem, Cliente, Servico) VALUES (649, 237, 1);
INSERT INTO Utilizacoes (Ordem, Cliente, Servico) VALUES (650, 288, 10);
INSERT INTO Utilizacoes (Ordem, Cliente, Servico) VALUES (651, 61, 4);
INSERT INTO Utilizacoes (Ordem, Cliente, Servico) VALUES (652, 90, 8);
INSERT INTO Utilizacoes (Ordem, Cliente, Servico) VALUES (653, 105, 4);
INSERT INTO Utilizacoes (Ordem, Cliente, Servico) VALUES (654, 70, 10);
INSERT INTO Utilizacoes (Ordem, Cliente, Servico) VALUES (655, 303, 2);
INSERT INTO Utilizacoes (Ordem, Cliente, Servico) VALUES (656, 17, 7);
INSERT INTO Utilizacoes (Ordem, Cliente, Servico) VALUES (657, 176, 6);
INSERT INTO Utilizacoes (Ordem, Cliente, Servico) VALUES (658, 85, 6);
INSERT INTO Utilizacoes (Ordem, Cliente, Servico) VALUES (659, 389, 7);
INSERT INTO Utilizacoes (Ordem, Cliente, Servico) VALUES (660, 91, 1);
INSERT INTO Utilizacoes (Ordem, Cliente, Servico) VALUES (661, 103, 6);
INSERT INTO Utilizacoes (Ordem, Cliente, Servico) VALUES (662, 5, 9);
INSERT INTO Utilizacoes (Ordem, Cliente, Servico) VALUES (663, 355, 8);
INSERT INTO Utilizacoes (Ordem, Cliente, Servico) VALUES (664, 397, 8);
INSERT INTO Utilizacoes (Ordem, Cliente, Servico) VALUES (665, 224, 9);
INSERT INTO Utilizacoes (Ordem, Cliente, Servico) VALUES (666, 140, 9);
INSERT INTO Utilizacoes (Ordem, Cliente, Servico) VALUES (667, 285, 6);
INSERT INTO Utilizacoes (Ordem, Cliente, Servico) VALUES (668, 292, 10);
INSERT INTO Utilizacoes (Ordem, Cliente, Servico) VALUES (669, 262, 9);
INSERT INTO Utilizacoes (Ordem, Cliente, Servico) VALUES (670, 73, 7);
INSERT INTO Utilizacoes (Ordem, Cliente, Servico) VALUES (671, 169, 10);
INSERT INTO Utilizacoes (Ordem, Cliente, Servico) VALUES (672, 352, 4);
INSERT INTO Utilizacoes (Ordem, Cliente, Servico) VALUES (673, 377, 3);
INSERT INTO Utilizacoes (Ordem, Cliente, Servico) VALUES (674, 336, 3);
INSERT INTO Utilizacoes (Ordem, Cliente, Servico) VALUES (675, 319, 10);
INSERT INTO Utilizacoes (Ordem, Cliente, Servico) VALUES (676, 138, 2);
INSERT INTO Utilizacoes (Ordem, Cliente, Servico) VALUES (677, 203, 10);
INSERT INTO Utilizacoes (Ordem, Cliente, Servico) VALUES (678, 358, 3);
INSERT INTO Utilizacoes (Ordem, Cliente, Servico) VALUES (679, 331, 2);
INSERT INTO Utilizacoes (Ordem, Cliente, Servico) VALUES (680, 305, 5);
INSERT INTO Utilizacoes (Ordem, Cliente, Servico) VALUES (681, 265, 9);
INSERT INTO Utilizacoes (Ordem, Cliente, Servico) VALUES (682, 131, 1);
INSERT INTO Utilizacoes (Ordem, Cliente, Servico) VALUES (683, 109, 10);
INSERT INTO Utilizacoes (Ordem, Cliente, Servico) VALUES (684, 71, 5);
INSERT INTO Utilizacoes (Ordem, Cliente, Servico) VALUES (685, 266, 10);
INSERT INTO Utilizacoes (Ordem, Cliente, Servico) VALUES (686, 187, 1);
INSERT INTO Utilizacoes (Ordem, Cliente, Servico) VALUES (687, 211, 7);
INSERT INTO Utilizacoes (Ordem, Cliente, Servico) VALUES (688, 114, 4);
INSERT INTO Utilizacoes (Ordem, Cliente, Servico) VALUES (689, 396, 5);
INSERT INTO Utilizacoes (Ordem, Cliente, Servico) VALUES (690, 179, 1);
INSERT INTO Utilizacoes (Ordem, Cliente, Servico) VALUES (691, 126, 10);
INSERT INTO Utilizacoes (Ordem, Cliente, Servico) VALUES (692, 330, 4);
INSERT INTO Utilizacoes (Ordem, Cliente, Servico) VALUES (693, 21, 1);
INSERT INTO Utilizacoes (Ordem, Cliente, Servico) VALUES (694, 343, 6);
INSERT INTO Utilizacoes (Ordem, Cliente, Servico) VALUES (695, 127, 7);
INSERT INTO Utilizacoes (Ordem, Cliente, Servico) VALUES (696, 50, 1);
INSERT INTO Utilizacoes (Ordem, Cliente, Servico) VALUES (697, 168, 6);
INSERT INTO Utilizacoes (Ordem, Cliente, Servico) VALUES (698, 186, 8);
INSERT INTO Utilizacoes (Ordem, Cliente, Servico) VALUES (699, 222, 1);
INSERT INTO Utilizacoes (Ordem, Cliente, Servico) VALUES (700, 124, 1);
INSERT INTO Utilizacoes (Ordem, Cliente, Servico) VALUES (701, 252, 7);
INSERT INTO Utilizacoes (Ordem, Cliente, Servico) VALUES (702, 347, 2);
INSERT INTO Utilizacoes (Ordem, Cliente, Servico) VALUES (703, 11, 7);
INSERT INTO Utilizacoes (Ordem, Cliente, Servico) VALUES (704, 237, 10);
INSERT INTO Utilizacoes (Ordem, Cliente, Servico) VALUES (705, 62, 2);
INSERT INTO Utilizacoes (Ordem, Cliente, Servico) VALUES (706, 267, 4);
INSERT INTO Utilizacoes (Ordem, Cliente, Servico) VALUES (707, 132, 3);
INSERT INTO Utilizacoes (Ordem, Cliente, Servico) VALUES (708, 7, 2);
INSERT INTO Utilizacoes (Ordem, Cliente, Servico) VALUES (709, 194, 1);
INSERT INTO Utilizacoes (Ordem, Cliente, Servico) VALUES (710, 38, 8);
INSERT INTO Utilizacoes (Ordem, Cliente, Servico) VALUES (711, 220, 7);
INSERT INTO Utilizacoes (Ordem, Cliente, Servico) VALUES (712, 283, 10);
INSERT INTO Utilizacoes (Ordem, Cliente, Servico) VALUES (713, 35, 3);
INSERT INTO Utilizacoes (Ordem, Cliente, Servico) VALUES (714, 349, 2);
INSERT INTO Utilizacoes (Ordem, Cliente, Servico) VALUES (715, 35, 8);
INSERT INTO Utilizacoes (Ordem, Cliente, Servico) VALUES (716, 21, 1);
INSERT INTO Utilizacoes (Ordem, Cliente, Servico) VALUES (717, 214, 2);
INSERT INTO Utilizacoes (Ordem, Cliente, Servico) VALUES (718, 183, 6);
INSERT INTO Utilizacoes (Ordem, Cliente, Servico) VALUES (719, 286, 2);
INSERT INTO Utilizacoes (Ordem, Cliente, Servico) VALUES (720, 328, 3);
INSERT INTO Utilizacoes (Ordem, Cliente, Servico) VALUES (721, 234, 3);
INSERT INTO Utilizacoes (Ordem, Cliente, Servico) VALUES (722, 251, 5);
INSERT INTO Utilizacoes (Ordem, Cliente, Servico) VALUES (723, 238, 8);
INSERT INTO Utilizacoes (Ordem, Cliente, Servico) VALUES (724, 400, 9);
INSERT INTO Utilizacoes (Ordem, Cliente, Servico) VALUES (725, 208, 3);
INSERT INTO Utilizacoes (Ordem, Cliente, Servico) VALUES (726, 22, 4);
INSERT INTO Utilizacoes (Ordem, Cliente, Servico) VALUES (727, 203, 10);
INSERT INTO Utilizacoes (Ordem, Cliente, Servico) VALUES (728, 337, 5);
INSERT INTO Utilizacoes (Ordem, Cliente, Servico) VALUES (729, 75, 10);
INSERT INTO Utilizacoes (Ordem, Cliente, Servico) VALUES (730, 52, 1);
INSERT INTO Utilizacoes (Ordem, Cliente, Servico) VALUES (731, 156, 3);
INSERT INTO Utilizacoes (Ordem, Cliente, Servico) VALUES (732, 26, 10);
INSERT INTO Utilizacoes (Ordem, Cliente, Servico) VALUES (733, 216, 10);
INSERT INTO Utilizacoes (Ordem, Cliente, Servico) VALUES (734, 344, 9);
INSERT INTO Utilizacoes (Ordem, Cliente, Servico) VALUES (735, 231, 10);
INSERT INTO Utilizacoes (Ordem, Cliente, Servico) VALUES (736, 316, 6);
INSERT INTO Utilizacoes (Ordem, Cliente, Servico) VALUES (737, 27, 1);
INSERT INTO Utilizacoes (Ordem, Cliente, Servico) VALUES (738, 148, 1);
INSERT INTO Utilizacoes (Ordem, Cliente, Servico) VALUES (739, 299, 3);
INSERT INTO Utilizacoes (Ordem, Cliente, Servico) VALUES (740, 70, 9);
INSERT INTO Utilizacoes (Ordem, Cliente, Servico) VALUES (741, 31, 8);
INSERT INTO Utilizacoes (Ordem, Cliente, Servico) VALUES (742, 306, 10);
INSERT INTO Utilizacoes (Ordem, Cliente, Servico) VALUES (743, 62, 4);
INSERT INTO Utilizacoes (Ordem, Cliente, Servico) VALUES (744, 196, 7);
INSERT INTO Utilizacoes (Ordem, Cliente, Servico) VALUES (745, 215, 2);
INSERT INTO Utilizacoes (Ordem, Cliente, Servico) VALUES (746, 10, 4);
INSERT INTO Utilizacoes (Ordem, Cliente, Servico) VALUES (747, 233, 9);
INSERT INTO Utilizacoes (Ordem, Cliente, Servico) VALUES (748, 376, 6);
INSERT INTO Utilizacoes (Ordem, Cliente, Servico) VALUES (749, 94, 10);
INSERT INTO Utilizacoes (Ordem, Cliente, Servico) VALUES (750, 170, 1);
INSERT INTO Utilizacoes (Ordem, Cliente, Servico) VALUES (751, 89, 1);
INSERT INTO Utilizacoes (Ordem, Cliente, Servico) VALUES (752, 32, 10);
INSERT INTO Utilizacoes (Ordem, Cliente, Servico) VALUES (753, 253, 8);
INSERT INTO Utilizacoes (Ordem, Cliente, Servico) VALUES (754, 346, 7);
INSERT INTO Utilizacoes (Ordem, Cliente, Servico) VALUES (755, 298, 1);
INSERT INTO Utilizacoes (Ordem, Cliente, Servico) VALUES (756, 17, 2);
INSERT INTO Utilizacoes (Ordem, Cliente, Servico) VALUES (757, 199, 6);
INSERT INTO Utilizacoes (Ordem, Cliente, Servico) VALUES (758, 248, 8);
INSERT INTO Utilizacoes (Ordem, Cliente, Servico) VALUES (759, 15, 10);
INSERT INTO Utilizacoes (Ordem, Cliente, Servico) VALUES (760, 297, 2);
INSERT INTO Utilizacoes (Ordem, Cliente, Servico) VALUES (761, 225, 9);
INSERT INTO Utilizacoes (Ordem, Cliente, Servico) VALUES (762, 5, 1);
INSERT INTO Utilizacoes (Ordem, Cliente, Servico) VALUES (763, 350, 7);
INSERT INTO Utilizacoes (Ordem, Cliente, Servico) VALUES (764, 231, 4);
INSERT INTO Utilizacoes (Ordem, Cliente, Servico) VALUES (765, 45, 9);
INSERT INTO Utilizacoes (Ordem, Cliente, Servico) VALUES (766, 63, 2);
INSERT INTO Utilizacoes (Ordem, Cliente, Servico) VALUES (767, 34, 3);
INSERT INTO Utilizacoes (Ordem, Cliente, Servico) VALUES (768, 289, 9);
INSERT INTO Utilizacoes (Ordem, Cliente, Servico) VALUES (769, 16, 4);
INSERT INTO Utilizacoes (Ordem, Cliente, Servico) VALUES (770, 196, 6);
INSERT INTO Utilizacoes (Ordem, Cliente, Servico) VALUES (771, 25, 5);
INSERT INTO Utilizacoes (Ordem, Cliente, Servico) VALUES (772, 334, 3);
INSERT INTO Utilizacoes (Ordem, Cliente, Servico) VALUES (773, 98, 1);
INSERT INTO Utilizacoes (Ordem, Cliente, Servico) VALUES (774, 361, 8);
INSERT INTO Utilizacoes (Ordem, Cliente, Servico) VALUES (775, 327, 3);
INSERT INTO Utilizacoes (Ordem, Cliente, Servico) VALUES (776, 156, 8);
INSERT INTO Utilizacoes (Ordem, Cliente, Servico) VALUES (777, 308, 9);
INSERT INTO Utilizacoes (Ordem, Cliente, Servico) VALUES (778, 270, 7);
INSERT INTO Utilizacoes (Ordem, Cliente, Servico) VALUES (779, 395, 2);
INSERT INTO Utilizacoes (Ordem, Cliente, Servico) VALUES (780, 164, 4);
INSERT INTO Utilizacoes (Ordem, Cliente, Servico) VALUES (781, 234, 7);
INSERT INTO Utilizacoes (Ordem, Cliente, Servico) VALUES (782, 262, 3);
INSERT INTO Utilizacoes (Ordem, Cliente, Servico) VALUES (783, 327, 4);
INSERT INTO Utilizacoes (Ordem, Cliente, Servico) VALUES (784, 21, 1);
INSERT INTO Utilizacoes (Ordem, Cliente, Servico) VALUES (785, 66, 1);
INSERT INTO Utilizacoes (Ordem, Cliente, Servico) VALUES (786, 324, 1);
INSERT INTO Utilizacoes (Ordem, Cliente, Servico) VALUES (787, 31, 3);
INSERT INTO Utilizacoes (Ordem, Cliente, Servico) VALUES (788, 54, 9);
INSERT INTO Utilizacoes (Ordem, Cliente, Servico) VALUES (789, 363, 7);
INSERT INTO Utilizacoes (Ordem, Cliente, Servico) VALUES (790, 297, 6);
INSERT INTO Utilizacoes (Ordem, Cliente, Servico) VALUES (791, 267, 3);
INSERT INTO Utilizacoes (Ordem, Cliente, Servico) VALUES (792, 125, 6);
INSERT INTO Utilizacoes (Ordem, Cliente, Servico) VALUES (793, 263, 5);
INSERT INTO Utilizacoes (Ordem, Cliente, Servico) VALUES (794, 239, 4);
INSERT INTO Utilizacoes (Ordem, Cliente, Servico) VALUES (795, 205, 8);
INSERT INTO Utilizacoes (Ordem, Cliente, Servico) VALUES (796, 250, 10);
INSERT INTO Utilizacoes (Ordem, Cliente, Servico) VALUES (797, 274, 10);
INSERT INTO Utilizacoes (Ordem, Cliente, Servico) VALUES (798, 189, 4);
INSERT INTO Utilizacoes (Ordem, Cliente, Servico) VALUES (799, 28, 10);
INSERT INTO Utilizacoes (Ordem, Cliente, Servico) VALUES (800, 396, 8);
INSERT INTO Utilizacoes (Ordem, Cliente, Servico) VALUES (801, 175, 10);
INSERT INTO Utilizacoes (Ordem, Cliente, Servico) VALUES (802, 319, 3);
INSERT INTO Utilizacoes (Ordem, Cliente, Servico) VALUES (803, 288, 4);
INSERT INTO Utilizacoes (Ordem, Cliente, Servico) VALUES (804, 167, 4);
INSERT INTO Utilizacoes (Ordem, Cliente, Servico) VALUES (805, 400, 6);
INSERT INTO Utilizacoes (Ordem, Cliente, Servico) VALUES (806, 174, 9);
INSERT INTO Utilizacoes (Ordem, Cliente, Servico) VALUES (807, 268, 6);
INSERT INTO Utilizacoes (Ordem, Cliente, Servico) VALUES (808, 54, 2);
INSERT INTO Utilizacoes (Ordem, Cliente, Servico) VALUES (809, 305, 1);
INSERT INTO Utilizacoes (Ordem, Cliente, Servico) VALUES (810, 49, 5);
INSERT INTO Utilizacoes (Ordem, Cliente, Servico) VALUES (811, 312, 2);
INSERT INTO Utilizacoes (Ordem, Cliente, Servico) VALUES (812, 125, 7);
INSERT INTO Utilizacoes (Ordem, Cliente, Servico) VALUES (813, 27, 8);
INSERT INTO Utilizacoes (Ordem, Cliente, Servico) VALUES (814, 218, 8);
INSERT INTO Utilizacoes (Ordem, Cliente, Servico) VALUES (815, 283, 2);
INSERT INTO Utilizacoes (Ordem, Cliente, Servico) VALUES (816, 244, 3);
INSERT INTO Utilizacoes (Ordem, Cliente, Servico) VALUES (817, 156, 6);
INSERT INTO Utilizacoes (Ordem, Cliente, Servico) VALUES (818, 358, 3);
INSERT INTO Utilizacoes (Ordem, Cliente, Servico) VALUES (819, 208, 7);
INSERT INTO Utilizacoes (Ordem, Cliente, Servico) VALUES (820, 45, 8);
INSERT INTO Utilizacoes (Ordem, Cliente, Servico) VALUES (821, 172, 3);
INSERT INTO Utilizacoes (Ordem, Cliente, Servico) VALUES (822, 45, 8);
INSERT INTO Utilizacoes (Ordem, Cliente, Servico) VALUES (823, 302, 1);
INSERT INTO Utilizacoes (Ordem, Cliente, Servico) VALUES (824, 308, 6);
INSERT INTO Utilizacoes (Ordem, Cliente, Servico) VALUES (825, 45, 3);
INSERT INTO Utilizacoes (Ordem, Cliente, Servico) VALUES (826, 80, 2);
INSERT INTO Utilizacoes (Ordem, Cliente, Servico) VALUES (827, 82, 2);
INSERT INTO Utilizacoes (Ordem, Cliente, Servico) VALUES (828, 213, 2);
INSERT INTO Utilizacoes (Ordem, Cliente, Servico) VALUES (829, 111, 4);
INSERT INTO Utilizacoes (Ordem, Cliente, Servico) VALUES (830, 170, 3);
INSERT INTO Utilizacoes (Ordem, Cliente, Servico) VALUES (831, 62, 10);
INSERT INTO Utilizacoes (Ordem, Cliente, Servico) VALUES (832, 394, 6);
INSERT INTO Utilizacoes (Ordem, Cliente, Servico) VALUES (833, 187, 6);
INSERT INTO Utilizacoes (Ordem, Cliente, Servico) VALUES (834, 110, 4);
INSERT INTO Utilizacoes (Ordem, Cliente, Servico) VALUES (835, 313, 8);
INSERT INTO Utilizacoes (Ordem, Cliente, Servico) VALUES (836, 238, 6);
INSERT INTO Utilizacoes (Ordem, Cliente, Servico) VALUES (837, 372, 4);
INSERT INTO Utilizacoes (Ordem, Cliente, Servico) VALUES (838, 45, 4);
INSERT INTO Utilizacoes (Ordem, Cliente, Servico) VALUES (839, 73, 1);
INSERT INTO Utilizacoes (Ordem, Cliente, Servico) VALUES (840, 388, 10);
INSERT INTO Utilizacoes (Ordem, Cliente, Servico) VALUES (841, 384, 5);
INSERT INTO Utilizacoes (Ordem, Cliente, Servico) VALUES (842, 298, 5);
INSERT INTO Utilizacoes (Ordem, Cliente, Servico) VALUES (843, 335, 1);
INSERT INTO Utilizacoes (Ordem, Cliente, Servico) VALUES (844, 26, 8);
INSERT INTO Utilizacoes (Ordem, Cliente, Servico) VALUES (845, 316, 2);
INSERT INTO Utilizacoes (Ordem, Cliente, Servico) VALUES (846, 201, 7);
INSERT INTO Utilizacoes (Ordem, Cliente, Servico) VALUES (847, 321, 4);
INSERT INTO Utilizacoes (Ordem, Cliente, Servico) VALUES (848, 235, 4);
INSERT INTO Utilizacoes (Ordem, Cliente, Servico) VALUES (849, 133, 5);
INSERT INTO Utilizacoes (Ordem, Cliente, Servico) VALUES (850, 183, 2);
INSERT INTO Utilizacoes (Ordem, Cliente, Servico) VALUES (851, 3, 7);
INSERT INTO Utilizacoes (Ordem, Cliente, Servico) VALUES (852, 86, 6);
INSERT INTO Utilizacoes (Ordem, Cliente, Servico) VALUES (853, 154, 10);
INSERT INTO Utilizacoes (Ordem, Cliente, Servico) VALUES (854, 95, 1);
INSERT INTO Utilizacoes (Ordem, Cliente, Servico) VALUES (855, 197, 4);
INSERT INTO Utilizacoes (Ordem, Cliente, Servico) VALUES (856, 336, 6);
INSERT INTO Utilizacoes (Ordem, Cliente, Servico) VALUES (857, 224, 1);
INSERT INTO Utilizacoes (Ordem, Cliente, Servico) VALUES (858, 90, 2);
INSERT INTO Utilizacoes (Ordem, Cliente, Servico) VALUES (859, 126, 9);
INSERT INTO Utilizacoes (Ordem, Cliente, Servico) VALUES (860, 177, 2);
INSERT INTO Utilizacoes (Ordem, Cliente, Servico) VALUES (861, 299, 5);
INSERT INTO Utilizacoes (Ordem, Cliente, Servico) VALUES (862, 340, 10);
INSERT INTO Utilizacoes (Ordem, Cliente, Servico) VALUES (863, 126, 1);
INSERT INTO Utilizacoes (Ordem, Cliente, Servico) VALUES (864, 398, 3);
INSERT INTO Utilizacoes (Ordem, Cliente, Servico) VALUES (865, 359, 1);
INSERT INTO Utilizacoes (Ordem, Cliente, Servico) VALUES (866, 26, 7);
INSERT INTO Utilizacoes (Ordem, Cliente, Servico) VALUES (867, 198, 2);
INSERT INTO Utilizacoes (Ordem, Cliente, Servico) VALUES (868, 268, 2);
INSERT INTO Utilizacoes (Ordem, Cliente, Servico) VALUES (869, 109, 8);
INSERT INTO Utilizacoes (Ordem, Cliente, Servico) VALUES (870, 126, 8);
INSERT INTO Utilizacoes (Ordem, Cliente, Servico) VALUES (871, 378, 8);
INSERT INTO Utilizacoes (Ordem, Cliente, Servico) VALUES (872, 226, 7);
INSERT INTO Utilizacoes (Ordem, Cliente, Servico) VALUES (873, 32, 7);
INSERT INTO Utilizacoes (Ordem, Cliente, Servico) VALUES (874, 271, 9);
INSERT INTO Utilizacoes (Ordem, Cliente, Servico) VALUES (875, 80, 10);
INSERT INTO Utilizacoes (Ordem, Cliente, Servico) VALUES (876, 135, 7);
INSERT INTO Utilizacoes (Ordem, Cliente, Servico) VALUES (877, 292, 8);
INSERT INTO Utilizacoes (Ordem, Cliente, Servico) VALUES (878, 256, 7);
INSERT INTO Utilizacoes (Ordem, Cliente, Servico) VALUES (879, 49, 7);
INSERT INTO Utilizacoes (Ordem, Cliente, Servico) VALUES (880, 285, 8);
INSERT INTO Utilizacoes (Ordem, Cliente, Servico) VALUES (881, 41, 10);
INSERT INTO Utilizacoes (Ordem, Cliente, Servico) VALUES (882, 176, 9);
INSERT INTO Utilizacoes (Ordem, Cliente, Servico) VALUES (883, 375, 8);
INSERT INTO Utilizacoes (Ordem, Cliente, Servico) VALUES (884, 342, 9);
INSERT INTO Utilizacoes (Ordem, Cliente, Servico) VALUES (885, 127, 6);
INSERT INTO Utilizacoes (Ordem, Cliente, Servico) VALUES (886, 210, 8);
INSERT INTO Utilizacoes (Ordem, Cliente, Servico) VALUES (887, 327, 4);
INSERT INTO Utilizacoes (Ordem, Cliente, Servico) VALUES (888, 63, 2);
INSERT INTO Utilizacoes (Ordem, Cliente, Servico) VALUES (889, 344, 10);
INSERT INTO Utilizacoes (Ordem, Cliente, Servico) VALUES (890, 121, 8);
INSERT INTO Utilizacoes (Ordem, Cliente, Servico) VALUES (891, 216, 5);
INSERT INTO Utilizacoes (Ordem, Cliente, Servico) VALUES (892, 123, 5);
INSERT INTO Utilizacoes (Ordem, Cliente, Servico) VALUES (893, 48, 4);
INSERT INTO Utilizacoes (Ordem, Cliente, Servico) VALUES (894, 309, 1);
INSERT INTO Utilizacoes (Ordem, Cliente, Servico) VALUES (895, 135, 7);
INSERT INTO Utilizacoes (Ordem, Cliente, Servico) VALUES (896, 177, 10);
INSERT INTO Utilizacoes (Ordem, Cliente, Servico) VALUES (897, 136, 4);
INSERT INTO Utilizacoes (Ordem, Cliente, Servico) VALUES (898, 328, 7);
INSERT INTO Utilizacoes (Ordem, Cliente, Servico) VALUES (899, 198, 5);
INSERT INTO Utilizacoes (Ordem, Cliente, Servico) VALUES (900, 180, 10);
INSERT INTO Utilizacoes (Ordem, Cliente, Servico) VALUES (901, 207, 9);
INSERT INTO Utilizacoes (Ordem, Cliente, Servico) VALUES (902, 11, 9);
INSERT INTO Utilizacoes (Ordem, Cliente, Servico) VALUES (903, 198, 10);
INSERT INTO Utilizacoes (Ordem, Cliente, Servico) VALUES (904, 301, 1);
INSERT INTO Utilizacoes (Ordem, Cliente, Servico) VALUES (905, 231, 3);
INSERT INTO Utilizacoes (Ordem, Cliente, Servico) VALUES (906, 41, 4);
INSERT INTO Utilizacoes (Ordem, Cliente, Servico) VALUES (907, 118, 5);
INSERT INTO Utilizacoes (Ordem, Cliente, Servico) VALUES (908, 41, 7);
INSERT INTO Utilizacoes (Ordem, Cliente, Servico) VALUES (909, 14, 2);
INSERT INTO Utilizacoes (Ordem, Cliente, Servico) VALUES (910, 84, 6);
INSERT INTO Utilizacoes (Ordem, Cliente, Servico) VALUES (911, 111, 9);
INSERT INTO Utilizacoes (Ordem, Cliente, Servico) VALUES (912, 126, 3);
INSERT INTO Utilizacoes (Ordem, Cliente, Servico) VALUES (913, 197, 9);
INSERT INTO Utilizacoes (Ordem, Cliente, Servico) VALUES (914, 297, 10);
INSERT INTO Utilizacoes (Ordem, Cliente, Servico) VALUES (915, 204, 2);
INSERT INTO Utilizacoes (Ordem, Cliente, Servico) VALUES (916, 177, 1);
INSERT INTO Utilizacoes (Ordem, Cliente, Servico) VALUES (917, 287, 9);
INSERT INTO Utilizacoes (Ordem, Cliente, Servico) VALUES (918, 35, 2);
INSERT INTO Utilizacoes (Ordem, Cliente, Servico) VALUES (919, 160, 10);
INSERT INTO Utilizacoes (Ordem, Cliente, Servico) VALUES (920, 175, 1);
INSERT INTO Utilizacoes (Ordem, Cliente, Servico) VALUES (921, 237, 1);
INSERT INTO Utilizacoes (Ordem, Cliente, Servico) VALUES (922, 358, 6);
INSERT INTO Utilizacoes (Ordem, Cliente, Servico) VALUES (923, 132, 4);
INSERT INTO Utilizacoes (Ordem, Cliente, Servico) VALUES (924, 367, 6);
INSERT INTO Utilizacoes (Ordem, Cliente, Servico) VALUES (925, 227, 3);
INSERT INTO Utilizacoes (Ordem, Cliente, Servico) VALUES (926, 221, 3);
INSERT INTO Utilizacoes (Ordem, Cliente, Servico) VALUES (927, 386, 8);
INSERT INTO Utilizacoes (Ordem, Cliente, Servico) VALUES (928, 374, 4);
INSERT INTO Utilizacoes (Ordem, Cliente, Servico) VALUES (929, 332, 4);
INSERT INTO Utilizacoes (Ordem, Cliente, Servico) VALUES (930, 267, 7);
INSERT INTO Utilizacoes (Ordem, Cliente, Servico) VALUES (931, 256, 10);
INSERT INTO Utilizacoes (Ordem, Cliente, Servico) VALUES (932, 268, 7);
INSERT INTO Utilizacoes (Ordem, Cliente, Servico) VALUES (933, 343, 2);
INSERT INTO Utilizacoes (Ordem, Cliente, Servico) VALUES (934, 273, 8);
INSERT INTO Utilizacoes (Ordem, Cliente, Servico) VALUES (935, 359, 10);
INSERT INTO Utilizacoes (Ordem, Cliente, Servico) VALUES (936, 7, 10);
INSERT INTO Utilizacoes (Ordem, Cliente, Servico) VALUES (937, 324, 10);
INSERT INTO Utilizacoes (Ordem, Cliente, Servico) VALUES (938, 259, 9);
INSERT INTO Utilizacoes (Ordem, Cliente, Servico) VALUES (939, 159, 10);
INSERT INTO Utilizacoes (Ordem, Cliente, Servico) VALUES (940, 243, 9);
INSERT INTO Utilizacoes (Ordem, Cliente, Servico) VALUES (941, 364, 3);
INSERT INTO Utilizacoes (Ordem, Cliente, Servico) VALUES (942, 252, 7);
INSERT INTO Utilizacoes (Ordem, Cliente, Servico) VALUES (943, 293, 7);
INSERT INTO Utilizacoes (Ordem, Cliente, Servico) VALUES (944, 182, 7);
INSERT INTO Utilizacoes (Ordem, Cliente, Servico) VALUES (945, 43, 3);
INSERT INTO Utilizacoes (Ordem, Cliente, Servico) VALUES (946, 88, 1);
INSERT INTO Utilizacoes (Ordem, Cliente, Servico) VALUES (947, 137, 9);
INSERT INTO Utilizacoes (Ordem, Cliente, Servico) VALUES (948, 192, 8);
INSERT INTO Utilizacoes (Ordem, Cliente, Servico) VALUES (949, 255, 6);
INSERT INTO Utilizacoes (Ordem, Cliente, Servico) VALUES (950, 155, 4);
INSERT INTO Utilizacoes (Ordem, Cliente, Servico) VALUES (951, 207, 3);
INSERT INTO Utilizacoes (Ordem, Cliente, Servico) VALUES (952, 147, 2);
INSERT INTO Utilizacoes (Ordem, Cliente, Servico) VALUES (953, 277, 8);
INSERT INTO Utilizacoes (Ordem, Cliente, Servico) VALUES (954, 287, 2);
INSERT INTO Utilizacoes (Ordem, Cliente, Servico) VALUES (955, 191, 1);
INSERT INTO Utilizacoes (Ordem, Cliente, Servico) VALUES (956, 59, 2);
INSERT INTO Utilizacoes (Ordem, Cliente, Servico) VALUES (957, 287, 9);
INSERT INTO Utilizacoes (Ordem, Cliente, Servico) VALUES (958, 23, 9);
INSERT INTO Utilizacoes (Ordem, Cliente, Servico) VALUES (959, 218, 3);
INSERT INTO Utilizacoes (Ordem, Cliente, Servico) VALUES (960, 332, 10);
INSERT INTO Utilizacoes (Ordem, Cliente, Servico) VALUES (961, 192, 4);
INSERT INTO Utilizacoes (Ordem, Cliente, Servico) VALUES (962, 384, 7);
INSERT INTO Utilizacoes (Ordem, Cliente, Servico) VALUES (963, 122, 9);
INSERT INTO Utilizacoes (Ordem, Cliente, Servico) VALUES (964, 315, 4);
INSERT INTO Utilizacoes (Ordem, Cliente, Servico) VALUES (965, 62, 9);
INSERT INTO Utilizacoes (Ordem, Cliente, Servico) VALUES (966, 207, 5);
INSERT INTO Utilizacoes (Ordem, Cliente, Servico) VALUES (967, 243, 3);
INSERT INTO Utilizacoes (Ordem, Cliente, Servico) VALUES (968, 112, 1);
INSERT INTO Utilizacoes (Ordem, Cliente, Servico) VALUES (969, 98, 6);
INSERT INTO Utilizacoes (Ordem, Cliente, Servico) VALUES (970, 31, 1);
INSERT INTO Utilizacoes (Ordem, Cliente, Servico) VALUES (971, 274, 9);
INSERT INTO Utilizacoes (Ordem, Cliente, Servico) VALUES (972, 396, 3);
INSERT INTO Utilizacoes (Ordem, Cliente, Servico) VALUES (973, 397, 10);
INSERT INTO Utilizacoes (Ordem, Cliente, Servico) VALUES (974, 81, 3);
INSERT INTO Utilizacoes (Ordem, Cliente, Servico) VALUES (975, 354, 1);
INSERT INTO Utilizacoes (Ordem, Cliente, Servico) VALUES (976, 229, 8);
INSERT INTO Utilizacoes (Ordem, Cliente, Servico) VALUES (977, 147, 7);
INSERT INTO Utilizacoes (Ordem, Cliente, Servico) VALUES (978, 321, 10);
INSERT INTO Utilizacoes (Ordem, Cliente, Servico) VALUES (979, 85, 7);
INSERT INTO Utilizacoes (Ordem, Cliente, Servico) VALUES (980, 363, 8);
INSERT INTO Utilizacoes (Ordem, Cliente, Servico) VALUES (981, 250, 9);
INSERT INTO Utilizacoes (Ordem, Cliente, Servico) VALUES (982, 371, 8);
INSERT INTO Utilizacoes (Ordem, Cliente, Servico) VALUES (983, 345, 4);
INSERT INTO Utilizacoes (Ordem, Cliente, Servico) VALUES (984, 245, 8);
INSERT INTO Utilizacoes (Ordem, Cliente, Servico) VALUES (985, 201, 4);
INSERT INTO Utilizacoes (Ordem, Cliente, Servico) VALUES (986, 150, 8);
INSERT INTO Utilizacoes (Ordem, Cliente, Servico) VALUES (987, 195, 1);
INSERT INTO Utilizacoes (Ordem, Cliente, Servico) VALUES (988, 25, 4);
INSERT INTO Utilizacoes (Ordem, Cliente, Servico) VALUES (989, 158, 4);
INSERT INTO Utilizacoes (Ordem, Cliente, Servico) VALUES (990, 254, 6);
INSERT INTO Utilizacoes (Ordem, Cliente, Servico) VALUES (991, 99, 9);
INSERT INTO Utilizacoes (Ordem, Cliente, Servico) VALUES (992, 218, 2);
INSERT INTO Utilizacoes (Ordem, Cliente, Servico) VALUES (993, 390, 5);
INSERT INTO Utilizacoes (Ordem, Cliente, Servico) VALUES (994, 69, 5);
INSERT INTO Utilizacoes (Ordem, Cliente, Servico) VALUES (995, 197, 1);
INSERT INTO Utilizacoes (Ordem, Cliente, Servico) VALUES (996, 310, 2);
INSERT INTO Utilizacoes (Ordem, Cliente, Servico) VALUES (997, 385, 7);
INSERT INTO Utilizacoes (Ordem, Cliente, Servico) VALUES (998, 220, 5);
INSERT INTO Utilizacoes (Ordem, Cliente, Servico) VALUES (999, 336, 6);
INSERT INTO Utilizacoes (Ordem, Cliente, Servico) VALUES (1000, 105, 4);

